text,author,display_name,date,likes,quotes,replies,reposts,uri,query
"""Orange Man Bad"" and ""Unalive the Boer"" are universal truths that all living beings are innately attuned to. Like a message from the Creator",maiamindel.bsky.social,Maia,2025-02-23T17:07:01.256Z,91,1,1,17,at://did:plc:ur77nun2q74loi34r2e6r43u/app.bsky.feed.post/3liud2ctyus2b,unalive
postponing my unalive,baratiddys.bsky.social,Luis ğŸ¤,2025-02-20T16:47:35.943Z,21,0,1,1,at://did:plc:dluxclbmnsh3bt6wyih5l6ds/app.bsky.feed.post/3limqkt5ctc24,unalive
I *AM* on vacation and people still wanna unalive me at work.,kingserpentico.bsky.social,SNAKEMAN,2025-02-20T02:26:55.167Z,61,0,3,1,at://did:plc:pv4626x5y7zxxsupflujztqb/app.bsky.feed.post/3lilahsnslk26,unalive
Good morning to everyone except Asian Doll who openly admitted to trying to unalive Kash Doll over a damn name during BHM. ğŸ¤¦ğŸ¿â€â™€ï¸,authorreneeb.bsky.social,ReneeB,2025-02-24T12:32:05.544Z,19,1,1,1,at://did:plc:ng6mdz23xa3jae4yr2crgocy/app.bsky.feed.post/3liwe5mro2k2k,unalive
"Y'all, please stop saying ""unalive"" and ""self-delete"" and so forth. There's no algorithm to fight here and a lot of people have the word ""suicide"" muted for a reason. The euphemisms are neither cute nor helpful.",aliothfox.ursamajorartworks.com,Alioth Daddyfox,2025-02-21T17:55:36.580Z,115,2,7,28,at://did:plc:5mkojgjmjfhdpd5lvepg2q6h/app.bsky.feed.post/3lipete74xs2l,unalive
"Why did I marry someone who picks the WORST FUCKING MOVIES

My god I either want to die of boredom, want to unalive myself, or am too confused to decide",vitaminpac1.bsky.social,Vitamin Bee ğŸ ,2025-02-24T01:18:42.171Z,21,0,7,1,at://did:plc:37nxbbnnrozlllwyfngsalya/app.bsky.feed.post/3liv6jj4j5s2y,unalive
Chat if I unalive myself,usakoing.bsky.social,serenaâœ¿,2025-02-22T16:12:41.198Z,4,4,3,0,at://did:plc:g66g533526vxkekvvxugkcah/app.bsky.feed.post/3lirpkae6ic24,unalive
"wait, people actually say unalive? weâ€™re all so cooked",verynormalguy.bsky.social,evan n ,2025-02-20T14:42:20.392Z,12,2,0,0,at://did:plc:fcfkcslvkunsrcldbzmx2imc/app.bsky.feed.post/3limjktqulc2m,unalive
I watched something and it used the word 'unalive' which made me so mad that I was shaken back to lucidity,killjill.itch.io,JILLIAN F. KILLS,2025-02-23T19:07:48.841Z,14,0,1,0,at://did:plc:3lcmedxtqgg72d4ag57go72w/app.bsky.feed.post/3liujscorlc2k,unalive
"An app for physician-assisted unalive: 

Snuffies",sixfootfiveguy.com,Joe Spaceman,2025-02-19T16:11:55.170Z,19,0,0,0,at://did:plc:dpxvpwbgnumoxvegabzrpqg7/app.bsky.feed.post/3lik6443cak2m,unalive
Muskrat is going to unalive the FDIC,franken-pattern.bsky.social,Franken-Pattern,2025-02-19T05:29:28.909Z,24,0,1,1,at://did:plc:zjgy37ilk2woyi3z36bmgl77/app.bsky.feed.post/3lij27dj6vs2f,unalive
"cosigned. I was in a psych ward for suicidal ideation, not for ""unaliving myself ideation"". I've had passive suicidal thoughts for most of my life. Saying ""unalive"" and ""self-delete"" etc always make me cringe, because it comes off as infantilizing (derogatory) and makes it harder to talk about",blueearotter.bsky.social,Ace (they/them) ğŸ³ï¸â€âš§ï¸,2025-02-21T18:27:15.197Z,25,0,1,5,at://did:plc:bq4rxo6fza7itac6mvmr5mnd/app.bsky.feed.post/3lipglwud522n,unalive
"Dear #GOP Congress
Remember the people who came to your place of work on Jan 6, 2021 to unalive TF out of you?
Theyâ€™ll be running the military. They donâ€™t think we need Congress.
Can watch Handmaidâ€™s Tale if you need a visual.
The best time to act is a week ago. The worst time is a week from now.",arepublicif.bsky.social,A Republic If You Can Keep It,2025-02-23T12:51:04.243Z,23,0,0,6,at://did:plc:bywbee3oaoq6bv4w33ll26jh/app.bsky.feed.post/3lituqnb6ts2t,unalive
When the president of an organized labour union turns to this bullshit its time to unalive your president,antiheroresuscit8r.bsky.social,Antihero Resuscitator,2025-02-21T13:17:52.872Z,7,0,0,1,at://did:plc:ahvdpzgrzqgvsnmoeetm53kz/app.bsky.feed.post/3liovcqh5m22h,unalive
Or have a kid that wants to unalive themselves every night.,daniellakrn.bsky.social,Daniella ,2025-02-18T15:49:53.204Z,36,0,2,0,at://did:plc:yxta4p3wtomuncrpgsodxtdv/app.bsky.feed.post/3lihmfrvcts22,unalive
"Cw: suicide

You donâ€™t have to say â€œunaliveâ€ here. You donâ€™t have to say â€œsewercideâ€ or any other euphemism here. Use the actual word, and you have the added bonus of it hitting someoneâ€™s mute words so they donâ€™t see it if itâ€™s triggering",acab.dad,John Breen,2025-02-19T17:02:38.859Z,89,1,0,20,at://did:plc:l2ktomvijz42t6hfqaxl7gq6/app.bsky.feed.post/3likawsrbsk2v,unalive
McConnell needs to unalive himself down a flight of stairs so the democratic governor of Kentucky and appoint a democrat to his seat,thelongrekhan.bsky.social,The Long Khan,2025-02-21T23:17:17.769Z,6,0,1,1,at://did:plc:tf7yhwp7moc4lnxvzof3edqt/app.bsky.feed.post/3lipwslaoe22y,unalive
"okay so like if i am being honest, no, my game plan is to literally unalive myself if one ever does happen as i have a terrible fear of zombies ğŸ’€",ffayemariee.smokes.lol,faye á¡£ğ­© â€¢ï½¡ | SEEING AMPERS&ONE,2025-02-21T01:10:25.929Z,11,0,2,0,at://did:plc:44srs65wkzmtsccgufuzks4z/app.bsky.feed.post/3linmnxi4u22z,unalive
"For a bunch of people saying that ""both sides were saying horrible things"" No one has shown anything even remotely close to listing out specific trans women who you think should unalive themselves and how we should all cut out our tongues and choke on the blood",dabiwinter.bsky.social,Golden Goddess of Dabs Dabi,2025-02-21T23:39:02.632Z,21,0,1,3,at://did:plc:fz7iybqqvg6tb7yfayvdsyoq/app.bsky.feed.post/3lipxzhnylc2n,unalive
Hulu really played euphoria after Florida project and lady bird. The platforms is tryin to unalive me I swear,oizysdagreat.hunts.monster,ğŸ‘ï¸âƒ¤ Wandering Puddleàªœâ€â´ğ“² à¹‹à£­ à£ª,2025-02-20T22:48:34.343Z,5,0,3,0,at://did:plc:2yzoqra7ceusstbelvjda4sz/app.bsky.feed.post/3lineqc764s2f,unalive
"Had we known we would live this long we wouldâ€™ve taken better care of ourselvesğŸ˜ğŸ˜†
Iâ€™ve gotta live long enough to see this shit stain unalive.",dennispr.bsky.social,Dennis â€¦ğŸŸ§ğŸŸ¦,2025-02-24T15:41:19.694Z,3,0,1,1,at://did:plc:wgqrmhqf657x5lswna5thi6d/app.bsky.feed.post/3liwopywx322n,unalive
"Me: *uses ""unalive""*

Psychologist: *counters with ""mandatory report""*",cosmicallyf.bsky.social,Cosmically Funny ,2025-02-20T02:35:13.030Z,5,0,0,1,at://did:plc:6yp2frndek4aksqkc5wxtgoo/app.bsky.feed.post/3lilawnhewc2e,unalive
Unalive them all!,wolftexvet.bsky.social,Bloberg,2025-02-17T15:02:20.686Z,14,0,0,1,at://did:plc:7tsbmd3xaibbv2nmcrmrz22p/app.bsky.feed.post/3liezbu2po22q,unalive
"En general no me encanta la comparaciÃ³n constante de la realidad con novelas de ciencia ficciÃ³n pero esa vaina de cambiar el lenguaje y decir cosas como unalive en vez de morir, muerte, no atreverse a decir sexo, etc, por el bien del algoritmo, sÃ­ es bastante bastante 1984",magieps.bsky.social,Mags,2025-02-19T21:38:03.820Z,13,0,1,0,at://did:plc:pwbjwfwjrutcm2ztnrhtlvty/app.bsky.feed.post/3likqdc75xk2k,unalive
"Cannot happen unless he's unalive. Does the proposal also state to make him unalive?  If so, i might be swayed on promoting it ğŸ˜‰",ondma.com,Old Man Gary,2025-02-17T12:29:07.458Z,23,0,3,0,at://did:plc:xkmcdyw75odrbdro3yu4zzkx/app.bsky.feed.post/3lieqpupmxs2s,unalive
"The one distant shred of hope I have is the reminder that save Pol Pot, most dictators donâ€™t retire. 

Theyâ€™re hung, shot, beheaded, stabbed (sometimes in the rectum) or unalive themselves before they can get taken out 

When dictators fall, they fall through the Earthâ€™s crust",themeg.bsky.social,"The Meg, RN ğŸ¦ˆ",2025-02-20T04:33:21.583Z,15,0,3,0,at://did:plc:xlqxlwi6lil72dgf7vuyu7ib/app.bsky.feed.post/3lilhjvmuws2q,unalive
"We are in for a battle, it would help if Musk and Trump were unalive!",dennispr.bsky.social,Dennis â€¦ğŸŸ§ğŸŸ¦,2025-02-22T16:41:04.086Z,3,1,0,2,at://did:plc:wgqrmhqf657x5lswna5thi6d/app.bsky.feed.post/3lirr4yejs22w,unalive
"@ghwubs.bsky.social Man, I wanted Dante to be the one to unalive Cyrus vs Joss.... #GH",ohiometgirl31.bsky.social,Sharon Bueno ğŸ§ğŸ˜· ğŸ’™,2025-02-21T19:05:53.795Z,2,0,0,0,at://did:plc:vyf3st7pt4hoejapd54ulrbl/app.bsky.feed.post/3lipir22wjk2k,unalive
"I am. No one has or will except the those that will be revealed to have be stealing US tax dollars, they could unalive themselves before prosecution.",garage-am-radio.bsky.social,,2025-02-23T18:52:57.739Z,3,0,1,0,at://did:plc:gvzbgit6c2ejoua7sugl5b32/app.bsky.feed.post/3liuixquhsk2z,unalive
"Two fishies, one seggs ğŸŸğŸŸ",presialexander.bsky.social,PresiAlexander ğŸ¬ğŸğŸ”,2025-02-23T20:53:43.308Z,191,0,2,35,at://did:plc:icwzpfib5cfcflnwlmlhu7kc/app.bsky.feed.post/3liuppozbx22d,seggs
Ruff seggs - Comm from the end of 2024 â£,sinnamonlatte.bsky.social,Sinnamon,2025-02-21T22:11:08.273Z,544,0,4,85,at://did:plc:3e76i34nzifdoqnk2z2cxp3t/app.bsky.feed.post/3lipt4bndek2n,seggs
FOXGIRL SEGGS,ciosart.bsky.social,Cios,2025-02-19T22:54:52.685Z,82,0,2,21,at://did:plc:ncvjakureeu2dqzvf3ub72uc/app.bsky.feed.post/3likumnkiqc25,seggs
"Lucille and Aurelia get a very interesting message while out >.>

Spider Seggs for my Triple scoop patrons over on Patreon. Come join the fun :) www.patreon.com/c/cslucaris",cslucaris.bsky.social,cslucaris,2025-02-23T17:20:50.775Z,66,0,1,2,at://did:plc:pkibjkrefiicsbzviu4tnvax/app.bsky.feed.post/3liudszx5tk2z,seggs
Drawing some nasty furry seggs...,dicsaw.bsky.social,Dicsaw (COMMS CLOSED 3/3) ğŸ‡§ğŸ‡·ğŸ”,2025-02-22T16:40:27.962Z,19,0,1,0,at://did:plc:oyzj4pdrxg66qpuycyxwl7zh/app.bsky.feed.post/3lirr3vvsok27,seggs
now to sleep peacefully and post my nvfr seggs tomorrow,kokoa1beanie.bsky.social,JauneğŸŒ§ğŸ°,2025-02-23T15:48:19.118Z,10,0,0,0,at://did:plc:6sfr27eewvipwyn2avthe6fn/app.bsky.feed.post/3liu6nlhsxk2g,seggs
"Maybe the drag queens are not a problem, maybe the pastors are.",charli-steele.bsky.social,Charli Steele / Transitional Metal Works,2025-02-22T21:31:49.530Z,39,0,2,7,at://did:plc:kgbrrpoitwocwfstwgx2d5r7/app.bsky.feed.post/3lisbevn2dk2p,seggs
"This is very true, we deliver high quality seggs at affordable prices no matter what the state of things is like",rockcocks.bsky.social,The Rock Cocks,2025-02-20T19:10:31.054Z,41,0,2,3,at://did:plc:4wihwiyu3i4tgobe6ojigsf3/app.bsky.feed.post/3limykeyupk2g,seggs
"The more I see this, the more I am VERY CONVINCED that Gale's more of a bottom than a top when it comes to seggs ğŸ¤¡ğŸ†ğŸ’¦ #BG3 #GaleDekarios #WeavelockğŸ’™ğŸ’œ",justdebzong.bsky.social,Debbie is WeaveLock è€æ¿ ğŸ’™ğŸ’œ,2025-02-22T14:42:07.394Z,21,0,2,0,at://did:plc:v7z2vehxanixk4cvs33huol3/app.bsky.feed.post/3lirkicc5uk2s,seggs
DEMONESS SEGGS,ciosart.bsky.social,Cios,2025-02-17T23:28:10.663Z,76,0,2,12,at://did:plc:ncvjakureeu2dqzvf3ub72uc/app.bsky.feed.post/3lifvke2h4s2q,seggs
Wholesome seggs wit Kawakami,tapnsfw.bsky.social,TapğŸ”,2025-02-18T01:33:55.304Z,107,0,1,25,at://did:plc:l3a2mezb76yb7idny6mpkr26/app.bsky.feed.post/3lig4l77jvk2z,seggs
"#VoidBound 0.6.5 Update just dropped with a 20% off!

That Caly Preggo scene we've been teasing is finally here! ğŸ¤° ğŸ’¦

âœ¨ï¸ New questlines ft. Caly & Haar, and some holographic seggs 
âœ¨ï¸ Brand New H-scene
âœ¨ï¸ Various fixes

store.steampowered.com/app/2500710/...",cursedatelier.bsky.social,Cursed Atelier - VoidBound Early Access Out Now! ,2025-02-22T00:02:36.735Z,30,0,0,8,at://did:plc:pwpyfteezhog7wrzxawpyqrr/app.bsky.feed.post/3lipzdmdz7s2t,seggs
"A poem:
Leopard face, swastikar
Orange man bad, Nazi bar
Melon Husk, Xitler youth
Boomer memes, Kavaboof
Tankies,hashtag resisters
Cutewinterboots, J6ers
Brainworms, psyops, price of eggs
Drumph, deplorian & seggs 
Yall sound like Dr. Seuss when you yap,
Yet mock the youth for â€œskibidi, no capâ€",medus4.com,Katelyn Bowden ğŸ……,2025-02-21T22:09:04.530Z,36,0,3,4,at://did:plc:7hifw6u5e3c47rgpti63xyne/app.bsky.feed.post/3lipsylmxmk2a,seggs
"He's also their biggest cockblocker though lmaoo

Can't blame him, if I were a Gundam I also wouldn't let two horny teenagers do the seggs in my cockpit lol",grenaja.bsky.social,Grenaja,2025-02-23T21:11:46.711Z,9,0,3,1,at://did:plc:koblqnig7cn2mmcf3huljdyy/app.bsky.feed.post/3liuqq2klis2l,seggs
Toji car seggs,kenkaru86.bsky.social,ì¼„ ğŸ” ,2025-02-17T01:29:03.681Z,183,0,2,19,at://did:plc:c4uumd576zo4lpqphy444vfi/app.bsky.feed.post/3lidltlmges22,seggs
Phantom seggs,ciosart.bsky.social,Cios,2025-02-16T22:58:18.754Z,103,0,3,20,at://did:plc:ncvjakureeu2dqzvf3ub72uc/app.bsky.feed.post/3liddfzoyxs2p,seggs
"Damn, so much seggs on my TL, y'all are horny! 

Keep going. ğŸ‘€",ikohyu.bsky.social,Iko,2025-02-17T22:12:28.201Z,52,0,12,0,at://did:plc:atbm5fgwfv7knegcprlrkgl6/app.bsky.feed.post/3lifrcxzi422g,seggs
"i promise iâ€™m not trying to be a freaky frog but do yall laugh during seggs? 

iâ€™m tryna see sumn.",naturallylauraj.bsky.social,âœ¨ Optimus Fine âœ¨,2025-02-19T14:51:07.179Z,21,42,8,0,at://did:plc:dvx2lh53zsz3nxuxp5gomqiu/app.bsky.feed.post/3lijzlmod2k2b,seggs
I... Think that checks out,darkroigh.bsky.social,DarkroighğŸ”,2025-02-22T13:40:03.265Z,4,3,0,0,at://did:plc:s22nbcludp5s4hbu52jyby5y/app.bsky.feed.post/3lirgzcocik23,seggs
"I've been reading this one for a while, there's some reeeeal good seggs in there.",rumpleputty.bsky.social,Rumpleputty,2025-02-20T03:46:51.784Z,7,1,0,0,at://did:plc:ftdspfk4l4dya4bxcqzybvem/app.bsky.feed.post/3lilewr2wus2u,seggs
Le epic seggs,cardboardrevolution.com,Cardboard Revolution Games Co-op,2025-02-16T01:25:47.153Z,52,0,1,0,at://did:plc:blhvq6mkw32x4jizdvdiv3rd/app.bsky.feed.post/3lib36ss2ys2h,seggs
"First sketch request of February, have some good old seggs with Cleopatra from Shin Megami Tensei V!",solidusgrilo.bsky.social,Solidus Grilo ğŸ”,2025-02-19T06:31:18.186Z,33,0,0,10,at://did:plc:wagj2fvmigbsb2oyjw6mpnwj/app.bsky.feed.post/3lij5nux4vc2h,seggs
"Being a Virgin in this day and age is literally just like,,, it's like so jarring and aggravating. I get so irrationally angry and bitter at the mention of someone within my caliber having seggs.",kuntopia.bsky.social,Serving Kunt,2025-02-24T08:36:20.104Z,4,0,3,0,at://did:plc:evtlintl5xifijbrtn3xnsul/app.bsky.feed.post/3livwy2mzu225,seggs
"what is wrong with your sponsored suggestions, Play Store",orinirl.bsky.social,Orinrin,2025-02-24T04:01:36.705Z,3,0,1,0,at://did:plc:kyusiav4zptxibqeiazbfwsf/app.bsky.feed.post/3livhmsuvjs2k,seggs
"> ""Kasumi""
> Redhead
> Seggs
> Hair colour = Eye colour
> Fringe covers forehead
> Hair tied back in ponytail with Ribbon
> Seggs
> Acrobatic
> Shares story with Genetically identical character who is just them with their hair down
> Seggs

Atlus, something you want to share?",foolybot.bsky.social,Fooly Cooly,2025-02-15T21:50:04.688Z,29,0,2,2,at://did:plc:sqahwaz2fwpola4wv3rlck3z/app.bsky.feed.post/3liap53tii22h,seggs
Some lovers Tiddy seggs to end of Vday,tapnsfw.bsky.social,TapğŸ”,2025-02-15T04:37:12.524Z,98,0,1,22,at://did:plc:l3a2mezb76yb7idny6mpkr26/app.bsky.feed.post/3li6vg6lpms2o,seggs
shortstack anal seggs ok i get it,metakingu.bsky.social,metaking ğŸ”,2025-02-17T03:35:53.962Z,7,0,0,0,at://did:plc:vz67i4uiajltayhmw3la6k5p/app.bsky.feed.post/3lidswfdnj22i,seggs
I was given tasks and can't write any more dragon seggs... ugh,trivialsacrifice.bsky.social,âœ¨ EmğŸ¥šğŸ‘½ğŸ¦‘ğŸŒˆâœ¨,2025-02-17T09:44:40.722Z,5,0,1,0,at://did:plc:nwolyebujtqb7xuge6dgnc5w/app.bsky.feed.post/3liehjt2onc2g,seggs
Atsuoi dragon seggs sneak peek for #WIPwednesday !!,trivialsacrifice.bsky.social,âœ¨ EmğŸ¥šğŸ‘½ğŸ¦‘ğŸŒˆâœ¨,2025-02-19T15:35:43.530Z,11,0,3,1,at://did:plc:nwolyebujtqb7xuge6dgnc5w/app.bsky.feed.post/3lik43f2nn22c,seggs
Why are women still having seggs with Elon Musk,dinkypod.bsky.social,dinky podcast,2025-02-16T07:56:19.899Z,15,0,4,0,at://did:plc:dz2lavtp5ofymb5k4hiabh4s/app.bsky.feed.post/3libqz5wpks2y,seggs
"Itâ€™s 65 degrees out, Portia is under the weather, so I made a nice light pasta with olive oil, garlic and grape tomatoes.",angryblacklady.bsky.social,Imani Gandy ,2025-02-23T20:05:34.921Z,1079,5,39,12,at://did:plc:fvzkql2aqtbk7qmqjkoo2lv2/app.bsky.feed.post/3liumzm7c7k26,grape
Punishing myself by eating Grape Nuts for breakfast.,steamymac.bsky.social,Tony ChocoLonely,2025-02-23T15:30:52.500Z,221,4,33,51,at://did:plc:qt4x3vjjrllbji532qk4yxig/app.bsky.feed.post/3liu5ofdk3s2i,grape
My grape dragon still needs a name!!! He guards a strawberry dragon king that I have yet to draw... #fatfur,gummyforrest.bsky.social,Forrest,2025-02-23T16:56:14.975Z,1058,0,12,222,at://did:plc:cvvqe2swzug4z5cemdcisrtt/app.bsky.feed.post/3liuch2jhrs23,grape
Grape Nuts - grape nuts is trans,kennedytcooper.bsky.social,Themperor KennedyğŸ¸ğŸ³ï¸â€ğŸŒˆ,2025-02-21T14:16:23.785Z,101,0,1,7,at://did:plc:shk3rptrsj34wkl34djcub4o/app.bsky.feed.post/3lioymckchc24,grape
Just opened a box of Grape-Nuts. I havenâ€™t been this excited since FDRâ€™s New Deal,saltymactavish.bsky.social,Salty MacTavish,2025-02-23T13:23:32.167Z,196,0,17,45,at://did:plc:eklnz5ml4ge3tnpj4cmkpbgm/app.bsky.feed.post/3litwkox3fk2n,grape
grape X mustard commercial: MY version,davidpcm.bsky.social,DavidPCM,2025-02-22T21:10:57.361Z,75,0,1,30,at://did:plc:gwocrh5bhssmxyx2rnfxb4pa/app.bsky.feed.post/3lisa7lhq622m,grape
Orange soda from grape,thecleric.bsky.social,The Cleric,2025-02-24T00:33:51.039Z,33,0,0,0,at://did:plc:fi2keywfodbhnsgbvfwliwep/app.bsky.feed.post/3liv3zcnnlk2h,grape
"Grape Cake ğŸ‡ 
painted in #procreate
#ProcreateArtist",artneverath.bsky.social,Florian Benedikt,2025-02-23T01:42:40.830Z,45,0,0,5,at://did:plc:d2dfxxcldpk3vqvvyw3izwso/app.bsky.feed.post/3lispfhoffk2f,grape
itâ€™s incredible that both wine and grape Crush come from the same fruit,ygrene.bsky.social,Ygrene,2025-02-22T22:23:04.212Z,96,1,9,19,at://did:plc:mkkvzj3q3pegqam2n7yuxbwy/app.bsky.feed.post/3liseajutjk2y,grape
"Blackberry Dr. Pepper tastes like grape Dimetapp. 

I was not disappointed.",13triskaideka13.bsky.social,Triskaideka,2025-02-24T12:29:34.293Z,45,2,5,3,at://did:plc:emi6nijkdj7hz3uiqmjavuti/app.bsky.feed.post/3liwdz4jr322i,grape
"Grape fruit. Blood orange. Lime. Lemon. Mandarin x2

Citrus. ğŸ‹â€ğŸŸ©",deardean22.bsky.social,Myron J. Clifton,2025-02-23T18:39:22.095Z,59,1,7,3,at://did:plc:xxm4mtrc35ug4ahxk2c5jeud/app.bsky.feed.post/3liui7gz7cc25,grape
I honestly donâ€™t think these people understand that videogames are designed to be beaten. Like a team of people worked together to make it satisfying but not frustrating to beat Assassins Creed Syndicate. Overcoming the odds would be if Hideo Kojima sent you a grape and said â€œend nuclear warâ€,brendelbored.bsky.social,Brendel,2025-02-24T18:14:17.831Z,1118,10,77,133,at://did:plc:of56nmyuqzvjta7qlf7gwht6/app.bsky.feed.post/3liwxbjvank2x,grape
you telling me a shrimp performed surgery on this grape?,cockremover.bsky.social,Emmaâ„¢,2025-02-21T23:19:52.212Z,72,0,4,8,at://did:plc:hdfrgtchoulcxlfzl2qsqdec/app.bsky.feed.post/3lipwx6jvls2p,grape
Candy floss grape margarita?,gingertucci.bsky.social,Ginger_tucci,2025-02-21T14:24:14.018Z,38,0,6,0,at://did:plc:fbous2hs4yqlcrjdxbvaa3yk/app.bsky.feed.post/3lioyzf6ebs2f,grape
the two genders,francesmeh.reviews,Frances Meh,2025-02-24T05:11:03.141Z,100,0,3,7,at://did:plc:2hwwem55ce6djnk6bn62cstr/app.bsky.feed.post/3livliybhgs2o,grape
On the other hand I just found chicken thighs for 47% off so there's the grape money right there,gwillow.me,G. Willow Wilson,2025-02-23T21:06:13.174Z,67,0,7,0,at://did:plc:rnma6rthdc6ro5giv3xq2hda/app.bsky.feed.post/3liuqfzvrsc2o,grape
"Grape Harvest in Medio Campidano/Sardinia (Italy), 1950s",wineecon.bsky.social,American Association of Wine Economists AAWE,2025-02-24T04:09:44.012Z,18,0,1,3,at://did:plc:psiqmmbpwykt2utr7f4atav2/app.bsky.feed.post/3livi3dldzk2y,grape
"I bought more wool, a nice rich grape colour, it doesn't show up brilliantly in the photo but I think it might be good as one of the colours for the lacey shawl I'm crocheting soon ğŸ§¶",crikeys.bsky.social,Crikeys,2025-02-22T11:17:12.891Z,77,0,1,1,at://did:plc:lt3vxqdfspn2re4526vmlln7/app.bsky.feed.post/3lir6zvdgik2k,grape
"they did surgery on a grape, but the weight of the patient squished it :(",cockremover.bsky.social,Emmaâ„¢,2025-02-23T04:09:33.443Z,46,0,6,0,at://did:plc:hdfrgtchoulcxlfzl2qsqdec/app.bsky.feed.post/3lisxm3zpyk2j,grape
itâ€™s not selca day except it can be cause i want it to be on this day anyways (to the tune of 2pacâ€™s back) GRAPE WOOKâ€™S BACK ğŸ—£ï¸ğŸ—£ï¸ GRAPE WOOKâ€™S BACK ğŸ—£ï¸ğŸ—£ï¸ except not really tho but grape kay is back in the building,spideyidolslover.bsky.social,fairy queen kay ğŸ§šğŸ¾ // i â™¡ jiwoong a normal amount,2025-02-24T18:14:17.127Z,34,1,11,2,at://did:plc:blxpbj5b46dtaqrqn27uivq5/app.bsky.feed.post/3liwxbj7wz22c,grape
did u guys know if you slow cook a grape it becomes brazen,james.tarnation.lol,James,2025-02-21T02:11:35.640Z,71,0,4,18,at://did:plc:3m5c2aiko7heyjmwbrkp3ym5/app.bsky.feed.post/3linq3d6sys2k,grape
,acabylonbee.bsky.social,acabylon bee,2025-02-24T18:24:53.973Z,24,0,0,1,at://did:plc:x7i2lewpds2ch3gxsibardwp/app.bsky.feed.post/3liwxuikyv22f,grape
I drew a grape next to it,vanvanvillaart.bsky.social,Vaneela / Octorina ğŸ¦‘ âœ¨âœ¨,2025-02-23T21:19:31.748Z,26,1,0,2,at://did:plc:546pgyedp2gujjpuql73esug/app.bsky.feed.post/3liur5tjp622s,grape
"seeing a perfume described alternately with â€œgrape cough syrupâ€, â€œvanilla gasolineâ€, â€œwhite floralsâ€ and musk. ?????",catacalypto.bsky.social,Cat Manning,2025-02-23T09:23:11.874Z,31,1,10,1,at://did:plc:n7xsqoc7ztdsmfuvfmtndp52/app.bsky.feed.post/3litj4wonzc26,grape
"If you hate ""grape"" and ""sewerslide,"" you're gonna fucking loathe ""krill,"" ""shoop"" & ""girder""",criminalerin.bsky.social,Erin Fogg,2025-02-21T18:03:35.519Z,44,0,9,2,at://did:plc:5wgp627dhdxxx7zvmtpoz6yc/app.bsky.feed.post/3lipfbmx7ss2n,grape
"Introducing the Kanga-You soda! Turns the person into a bouncy marsupial for a month~

Currently comes in grape flavor, share with your friends!

(Done for RonanRaccoon)

#StealthyStripesArt, #tf",stealthystripes.bsky.social,ğŸ‹ Jay ğŸ‹,2025-02-24T18:44:51.405Z,47,0,3,11,at://did:plc:zjydcktdvraptotbvgl5sybo/app.bsky.feed.post/3liwyy6juxc2i,grape
"Characters: (left to right)

Ketto:
https://twitter.com/SolarBunBun
https://www.furaffinity.net/user/SolarBunBun
solarbunbun.bsky.social

Syps:Â 
https://twitter.com/SimplySyps
simplysyps.bsky.social
https://www.furaffinity.net/user/Hexmonger707 on FAÂ 

Grape:
https://twitter.com/Ghostie",larrularru.bsky.social,Larru,2025-02-24T14:01:01.163Z,43,0,0,8,at://did:plc:xbwiytt63ashrvnbdimkhhhy/app.bsky.feed.post/3liwj4neodz2r,grape
building little houses for a grape family with wheat thins and slices of cheese,msfoxifurnasty.bsky.social,Amy,2025-02-20T03:12:07.225Z,172,2,11,52,at://did:plc:qpaecp6vknbnc77svofj4dvg/app.bsky.feed.post/3lilcyn3aq22r,grape
Black Sapphire grapes are seedless black grapes with unusual characteristics. They are long and resemble a log in shape rather than a typical grape. This type of grape is grown in the Middle East. This photo is from Syria.,stonebear4747.bsky.social,Ron Stonebear Shields,2025-02-23T04:26:35.142Z,29,0,3,5,at://did:plc:zw24ml6gdego72d6eg57sy7c/app.bsky.feed.post/3lisykkfto22x,grape
"If a kookaburraâ€™s call was a breakfast cereal, such are Grape-nuts",saltymactavish.bsky.social,Salty MacTavish,2025-02-23T13:37:30.708Z,18,0,1,3,at://did:plc:eklnz5ml4ge3tnpj4cmkpbgm/app.bsky.feed.post/3litxdone322n,grape
IBC Palm Springs fit check! Getting ready to leave soon ğŸŒ´,simonyoung.bsky.social,Simon Young ğŸ³ï¸â€ğŸŒˆğŸ®,2025-02-21T19:39:40.110Z,59,0,6,1,at://did:plc:2xlpftmc4nmp7qo4ma3fqds4/app.bsky.feed.post/3lipknglixk26,palm colored
"Respectfully submitted for your approval for, Turquoise.  Another from my Island Life Series, oil on Gessoboard, 8â€
x 10â€ Title: â€œBeachedâ€
#Februarty2025, #artyear #artshare #artfeed #artmutuals",paulmollon.bsky.social,Straight Jacket Dreamer,2025-02-20T23:34:56.331Z,50,0,2,2,at://did:plc:kqv5ikhundppmkd2qmgbxk5r/app.bsky.feed.post/3linhd7derc2n,palm colored
"Last night tonight

â€œAnd there were so many fewer questions
When stars were still just the holes to heavenâ€¦â€
~Jack Johnson (2001)",mariannedenton.bsky.social,Marianne Denton,2025-02-17T23:52:20.944Z,64,0,2,9,at://did:plc:xrxbycbachtxi4gjqk3f4rzb/app.bsky.feed.post/3lifwvl5ozk2m,palm colored
"And just like that, our first egg of the year!",itsjustjustin.com,Justin,2025-02-18T23:47:52.352Z,49,1,2,3,at://did:plc:7awbrbkbjnbwjz73bevgtk6l/app.bsky.feed.post/3liih4ihn6c2d,palm colored
"Iâ€™m here, in spirit ğŸï¸
#photography
#nature",tony421.bsky.social,TonyM,2025-02-16T20:52:25.782Z,193,0,5,9,at://did:plc:726oqz4xcs3be2y7xn4wvtg3/app.bsky.feed.post/3lid4ewmpns2l,palm colored
Sniff sniff and nite nite from me and Ember! #catsky #catsofbluesky #elfquest #witchsky #familiarsofbluesky #torby #torbiesofbluesky #goodnight #sleeptight #sweetdreams,auntienome.bsky.social,Naomi J.,2025-02-20T07:39:44.032Z,19,0,0,2,at://did:plc:37sgocwq62qjaavnbwekf6e5/app.bsky.feed.post/3lilrx62e4s2r,palm colored
"Because most palm colored people expect especially a Black woman to mammy & rescue them. Look at how they continually push Michelle Obama to run even when they know she's repeatedly said she's not running. Besides, even if she won, Congress would've been GOP. That means most of them wanted this shit",youraibabydaddy.bsky.social,,2025-02-19T12:40:20.688Z,8,0,4,2,at://did:plc:vovcxllyoijynyllg5h7redh/app.bsky.feed.post/3lijsbrog6s2g,palm colored
"Me in high school vs me Now â˜®ï¸ğŸ’Ÿâ™ˆï¸âœ¨ğŸ¦© 18 -> 28 (in less than 2 months)

Iâ€™ve changed a bit, Iâ€™d say. ğŸ˜ Starting college this fall as me now, and me then wouldnâ€™t have believed it. #oregonstate ğŸ§¡ğŸ–¤

Saturn return begins this year too ğŸªâœ¨",quinnrose47.bsky.social,ğŸ³ï¸â€ğŸŒˆ Quinn Oliver â›¤âƒ (they/them),2025-02-21T18:55:10.933Z,23,1,3,0,at://did:plc:hd6rvfkoau7mbnrvdkrtxhc6/app.bsky.feed.post/3lipi5uxztk27,palm colored
LMMMFAO THEM PALM COLORED MUTHAFUCKAS FROM UP NORTH CAME INNAT BITCH STOMPIN FEET,almasuono.bsky.social,ALMA SUONO - Cedric Jackie Robinson,2025-02-16T03:07:18.486Z,25,2,3,1,at://did:plc:3ivozkou55jul5rbkcp5v6hf/app.bsky.feed.post/3libaudunzk2e,palm colored
"Explaining. Misha Collins at Cross Roads 8 in Birmingham, UK. April 2024.

#MishaCollins #CR8 #CrossRoads8 #SPN",ailesdusoleil.bsky.social,Ailes du Soleil,2025-02-19T06:29:32.369Z,18,1,0,3,at://did:plc:oy6oecqglxirdgdefyyxm66v/app.bsky.feed.post/3lij5kq2iic25,palm colored
"I have MILES and MILES of images that I have never done anything with.  I keep them and when I don't have new images  to work on I use them as ""practice"" and edit them as an exercise. Here I was working to see how far I could push color.  #photography #neworleans #graffiti",mrimages.bsky.social,Mr. Images,2025-02-18T02:39:20.999Z,9,0,0,0,at://did:plc:hiqcnwuh4n2zr3nplksxmygo/app.bsky.feed.post/3ligaa737oc2o,palm colored
â€œnothing to see hereâ€,jumpingcat.org,Jump Cat,2025-02-15T23:24:11.831Z,517,1,7,31,at://did:plc:uppxyqtas5wq5gmu7y4y7ane/app.bsky.feed.post/3liauffeqhs2r,palm colored
"Vaporwave Cans (2018)

#pixelart #aseprite #dotpict #ãƒ‰ãƒƒãƒˆçµµ",haykira.bsky.social,Haykira,2025-02-18T11:17:01.971Z,15,0,1,4,at://did:plc:yximc6skwds5vwdzu4kqgtvq/app.bsky.feed.post/3lih55v2xls23,palm colored
"Taught one of my white friends the phrase ""palm-colored people"" and she loved it lol",charlotteirene.bsky.social,Charlotte.,2025-02-17T04:42:36.640Z,3,0,2,0,at://did:plc:s52sn3esz6itdfvfkvt6kh4t/app.bsky.feed.post/3lidwnolms22u,palm colored
"#CelebratingBlackQuilters
#BlackHistoryMonth

NedRa Bonds (1948-) learned to quilt as a kid but as an adult pursued a career in a civil rights activism. In 1989, after learning her historic Black Kansas neighborhood was slated to become a landfill, she made a [â€¦] 

[Original post on mastodon.art]",inarticulatequilter.mastodon.art.ap.brid.gy,InarticulateQuilter,2025-02-21T15:02:12.000Z,3,0,0,1,at://did:plc:mwy5bvpn7bhgnpp3bkfwr5sl/app.bsky.feed.post/3lip36kogjju2,palm colored
"Signs of civilization being reclaimed by the jungle pop out of the fog along the path. The jungle erasing the long abandoned traces of man's touch out in the wilds. As the path widens, you find an ominous tower. The crown disappears in the fog. A door has fallen away leaving it open. Go In? Go Back?",weedlordbonerchamp.hellthread.vet,Weedlord Bonerchamp,2025-02-18T19:52:06.062Z,6,0,1,0,at://did:plc:uhyujbbuwbhr2mmro2d55e2b/app.bsky.feed.post/3lihzwvixxk2g,palm colored
"ğŸª¶ğŸŒ±LOL
Bird, which is prob an Anna's Hummingbird, gave us a run for our money. Series of pictures of me attempting to grab the shot of the bird with about 75% success.
Android",cindym.bsky.social,"CindyğŸMcCrackan (she/they)ğŸª¶ LadyAutism,ğŸŒ±BloomScrolling",2025-02-18T17:22:39.018Z,25,0,1,1,at://did:plc:gzg3h5hprb74kz2igyghudlb/app.bsky.feed.post/3lihrlnvo622a,palm colored
"congrats on the milestone juuni!!

I'm evan! Just a self-taught hobbyist, and I mainly draw OCs! Recently (like in the last month) I have gotten absolutely obsessed with Dragon Age Inquisition ğŸ™ˆ",evans-endeavors.bsky.social,ğŸ³ï¸â€ğŸŒˆ evan âœ¨,2025-02-18T17:52:40.396Z,91,0,4,17,at://did:plc:str4dgm7viuchfwpi72hkjna/app.bsky.feed.post/3lihtbdto522e,palm colored
"painting of the Moorten Botanical Garden in Palm Springs! ğŸŒµ
I love this little greenhouse
packed with succulents. I painted this with mostly 1 colored-pencil-ish brush as an experiment",cafween.bsky.social,Cathleen McAllister,2025-02-14T05:06:27.695Z,122,1,4,13,at://did:plc:ajs7ni5bwnqfpt7dq6ncgv6j/app.bsky.feed.post/3li4glkxya22h,palm colored
"Warmth In Your Arms ğŸ”

ğŸ° Explicit
ğŸ° Ongoing
ğŸ° #taekookau #btsfics #jaisfics
ğŸ° Bunny Koo, law student Tae, slow burn, falling in love, getting to know each other, light angst, mental health, domestic fluff

archiveofourown.org/works/51889711",gimmethatagustd.bsky.social,jai â›…ï¸,2025-02-16T08:19:15.448Z,13,2,2,6,at://did:plc:ggpbznwwuursvgpappi4qswe/app.bsky.feed.post/3libsc5r64c2o,palm colored
Does anyone wanna be my valentine sorta kinda,lilnintendodude.bsky.social,Jake!!!!,2025-02-13T18:33:02.594Z,23,0,3,0,at://did:plc:tsjjmympobt3chiln7weesyj/app.bsky.feed.post/3li3d6wi6vk27,palm colored
"waaa congrats on 10k rosie that's so awesome!!!!ğŸŠğŸ’– and thank you for hosting this!! ;o;

i'm may, i love drawing cute character art with bright colors & fun interactions! i also make comics!âœ¨",latteswiirl.bsky.social,mÎ±y ğŸŒ¸ğŸŒ±,2025-02-17T16:30:11.488Z,8,0,0,4,at://did:plc:e46xrnxqipjr6btaaedotvzd/app.bsky.feed.post/3lif66wtxck2q,palm colored
"o blessed inheritance
#oc #art #alpin",zoldyck.bsky.social,â”,2025-02-18T20:49:44.035Z,14,0,2,6,at://did:plc:bpmwtiqebwkmjcfkmn2yxufb/app.bsky.feed.post/3lii55xfc5c22,palm colored
"Drew sowmones oc for funsies with my boys sushi and popi 
#art ##ocart #commissionsopen #commsopen #dmsopen #oc #digitalart #furry #furryart #furryoc #fursona #persona #mascot #sketch #coloredsketch",lilmeowmeowsenpai.bsky.social,_lilmeowmeow_senpai,2025-02-15T14:01:21.224Z,8,0,0,0,at://did:plc:nxzpwiuaojzdehz2ulj3cttz/app.bsky.feed.post/3li7uwx7wsz2z,palm colored
"Also I canâ€™t wait to finish this necklace Iâ€™m working on!! I hope it turns out good lmao.

#wip #artist #jeweler #jewellery #handmade #goldsmith",erikablairjewelry.bsky.social,Erika Broas,2025-02-14T16:15:47.789Z,9,0,0,0,at://did:plc:wcduh5umwaptkq6wjwhimjoz/app.bsky.feed.post/3li5lygmm622j,palm colored
"This was the first piece from Summer in the Cult. I wanted to do some cross between pin up, modern aesthetic of cthulhu mythos, Blue Oyster Cult songs and a Corona Sunset kind of vibe",coplantor.bsky.social,Juan Diego Pucurull,2025-02-15T19:37:45.059Z,3,0,1,0,at://did:plc:iyw6xtlvxogt33tbfbd7ydyr/app.bsky.feed.post/3liahqhyzp22y,palm colored
"ğŸŒ±I wish more people would like/repost their own stuff, cuz I know I'm missing most of what's going on, esp. over there ğŸŒ.
Long ago, in Sociology class at HarperJr college, I heard the phrase, proximity is everything. Currently it is time ğŸ•°ï¸ proximity; I can't be all the places all the time. Help?ğŸ“¬ ğŸ“¯â˜ºï¸",cindym.bsky.social,"CindyğŸMcCrackan (she/they)ğŸª¶ LadyAutism,ğŸŒ±BloomScrolling",2025-02-15T18:29:39.801Z,26,0,3,3,at://did:plc:gzg3h5hprb74kz2igyghudlb/app.bsky.feed.post/3liadwpywuc23,palm colored
"My tiny tabby toy, @ransom.cat, and I celebrated our Valentine's Day last weekend in his hometown with lunch on the waterfront, a trip to Ikea, & dinner at a rustic farm-to-table restaurant outside town. I'm the luckiest ocelot in the world to be able to call him mine. Happy V Day, littlest love ğŸ’•",fractal231.bsky.social,Fractal,2025-02-15T04:48:37.130Z,20,0,2,3,at://did:plc:ga7ref3mfyiuiwlr7yswv23s/app.bsky.feed.post/3li6w2li67s2d,palm colored
Fun night out with my favorite Valentine for nineteen years and counting.,ryanhg87.bsky.social,Ry,2025-02-15T05:46:40.009Z,9,0,0,0,at://did:plc:ulx5yz3tjgljbqargn2ye23v/app.bsky.feed.post/3li6zcihomr2q,palm colored
"On March 13, 1944, she became the first Canadian to perform at New York's Town Hall. One year later, she signed with Columbia Concerts. She also appeared in the NFB film This Is Canada.
Throughout the next two years she toured Central America, Europe and the USA.

ğŸ§µ10/16",cdnhistoryehx.bsky.social,Canadian History Ehx,2025-02-13T19:33:01.164Z,9,0,1,1,at://did:plc:jmtnawmplc5anp7dh5scy22a/app.bsky.feed.post/3li3gkgm4h225,palm colored
RASPBERRY WATERMELON LEMONADE REFRESHER FROM DUNKIN DONUTS,pawrincess.on.computer,vera á°”,2025-02-22T19:10:57.849Z,66,0,6,1,at://did:plc:pm6drkowdy4ex3zftltyhi7i/app.bsky.feed.post/3lirzizi2q22f,watermelon
A farm worker shared this photo with us from an Arizona watermelon field . It's physically demanding work. The loader crew is responsible  for picking pick up hundreds of watermelons and loading them into the trailer. #WeFeedYou,ufw.bsky.social,United Farm Workers,2025-02-21T15:00:35.298Z,567,9,14,114,at://did:plc:53pxyzwrw4zx5ft67czyyjyy/app.bsky.feed.post/3lip32fqf6h2l,watermelon
"Watermelon Dinosaur Plushie

#plushie #handmade #smallbusiness #shopsmall #art #artist #dinosaur #watermelon #plushtoys",shoplalisa.bsky.social,Shop LaLisa,2025-02-22T16:44:55.172Z,24,0,2,1,at://did:plc:2ao34vz33cquabmhevrc2jub/app.bsky.feed.post/3lirrduqnr22u,watermelon
And if I make one of those watermelon videos?,arcbreak.bsky.social,Arc,2025-02-22T15:31:46.390Z,45,0,3,1,at://did:plc:tbtvvcvghlofiyz7r2vmlpwm/app.bsky.feed.post/3lirnb3bixc2m,watermelon
#DailyBat ğŸ–¤ğŸ¦‡ğŸ–¤,afizgig.bsky.social,AlTheColorsOfTheDarkğŸ–¤ğŸ¦‡ğŸª¦,2025-02-23T13:57:15.347Z,61,0,0,6,at://did:plc:sfichlc25a4wuzsqyqauuvq3/app.bsky.feed.post/3litygyic3c2t,watermelon
watermelon Suga high ğŸ‰,minijiminies.bsky.social,taroâ·â˜ï¸,2025-02-21T03:57:21.666Z,51,2,2,13,at://did:plc:hsszcknptd4wwzep5lkd6ajl/app.bsky.feed.post/3linvyha7xs2i,watermelon
"I found a watermelon in Sweden last night ğŸ¤—ğŸ’œ @nerox.bsky.social  Bark! 

ğŸ“¸: @cyberthederg.bsky.social",arkythewolf.bsky.social,Arky,2025-02-22T11:27:18.072Z,48,0,0,4,at://did:plc:adgckgbz2drsyhx7y2p77vl4/app.bsky.feed.post/3lir7lwiah222,watermelon
My book is out in FOUR DAYS,oldfilmsflicker.bsky.social,ğŸ³ï¸â€ğŸŒˆ Ms. Marya E. Gates ğŸ¦©,2025-02-22T16:46:27.651Z,71,0,2,8,at://did:plc:jeo3rspl6o7acmdxkbyvwefr/app.bsky.feed.post/3lirrgmx53s2q,watermelon
This watermelon doesn't have to be seedless ğŸ˜ happy #humpday,redheadredemption.bsky.social,Redhead Redemption,2025-02-19T23:02:36.273Z,270,0,4,18,at://did:plc:dopt4e6ppd44s2ioyun6a4xd/app.bsky.feed.post/3likv2hp5l22q,watermelon
Iâ€™m proud to say Iâ€™m blocked on Twitter by the deputy director of the fbi because I made a joke about his head being shaped like a square watermelon ğŸ‰ ğŸ˜,reggiet.bsky.social,REG-D.M.C,2025-02-24T01:57:30.535Z,87,0,7,3,at://did:plc:ceaymjjzi46oiayn7yylnwer/app.bsky.feed.post/3livaovmtvc26,watermelon
"It is slightly less chaotic this morning, but that's because the ducklings have had half an overripe watermelon to enjoy. (See the pink on their breast?)",veronicaf.bsky.social,Veronica,2025-02-21T22:12:56.292Z,108,1,13,9,at://did:plc:dnasdrejui4cejydosm7beyg/app.bsky.feed.post/3lipt7io4gs2s,watermelon
"Watermelon sugar high ğŸ¶

#photography #foodie #sunday #photo",blonndiec.bsky.social,cinnamon girlâœ¨ğŸƒ,2025-02-23T20:24:12.509Z,20,0,0,0,at://did:plc:ktjavjbe3ofkagdeqeciwcrg/app.bsky.feed.post/3liuo2vzrgs24,watermelon
"Street Fighter and OCs doodles #StreetFighter6
Somebody please draw watermelon Ed too ğŸ‘€ğŸ‰",ami-dark.bsky.social,Ami-Dark ğŸ¦‡ğŸ“,2025-02-20T20:51:43.901Z,68,0,2,10,at://did:plc:256gegs5jjklshf5p27mcyqs/app.bsky.feed.post/3lin67ejvz22e,watermelon
"summer memories - Lisa
fox eats watermelon and looks very silly",cyberzyd.bsky.social,cyberzyd ğŸ¦Š,2025-02-23T15:23:58.534Z,16,0,0,3,at://did:plc:nlbb3bd6qepapd5654n5stmx/app.bsky.feed.post/3liu5bzwdrs2l,watermelon
This was a moment ğŸ˜ƒ ğŸ˜,aularong.bsky.social,Â¡BONG RONG!,2025-02-21T03:08:08.763Z,115,0,3,1,at://did:plc:7xfcjjjldidnpr43nqsl5omv/app.bsky.feed.post/3lintah4zh22c,watermelon
Fuck you watermelon fucker. Nobody fucking asked you.,feclad.bsky.social,"Dr. Ironclad, Brunch Democrat",2025-02-23T03:03:09.121Z,11,0,4,0,at://did:plc:q5jk6ixhjdbxshekcf75yfxs/app.bsky.feed.post/3listvebvjc23,watermelon
Watermelon coded for @/TheEvieka,nise-loftsteinn.bsky.social,Nise Loftsteinn,2025-02-19T22:48:37.728Z,59,0,1,8,at://did:plc:nybwkmje4bss3vna7lwoo3l5/app.bsky.feed.post/3likubhxuoc2d,watermelon
"watermelon wip 
#artist #digitalart #procreate",cryboycries.bsky.social,Cryboycries,2025-02-22T18:05:27.272Z,11,0,0,1,at://did:plc:ao6t7lde3d2cpzpzxo4thciu/app.bsky.feed.post/3lirvtuyofc2x,watermelon
Sour watermelon slices seem to have not been my smartest lunch,localswampgay.bsky.social,localswampgay,2025-02-20T17:57:30.577Z,45,0,4,0,at://did:plc:7ssingpiouvbnyjlvtd4ivcn/app.bsky.feed.post/3limuhthe4k2q,watermelon
"At the beach 
This is a redraw and expansion on a piece I have drawn before 2020
#fireemblem #FEAwakening #fe13",andi-tiucs.bsky.social,Andi TiucağŸŒ»,2025-02-21T19:56:06.829Z,228,0,6,90,at://did:plc:qvb5wqsg2bhdomjj5c7xqugh/app.bsky.feed.post/3liplktksic2o,watermelon
"First off, the watermelon is a racist trope, and secondly you need to have smoke for the Republicans, the ones who are actually in power and destroying America.",ocjoseph424.bsky.social,Joseph In THEE OC,2025-02-23T04:58:08.292Z,42,0,2,9,at://did:plc:yvi2i3vooxmbdtfhodbdszsy/app.bsky.feed.post/3lit2cxtu7s2p,watermelon
"Due to the situations, I deserve watermelon flavored toast",brandon.insertcredit.com,Brandon Sheffield,2025-02-19T05:18:14.195Z,208,2,10,14,at://did:plc:qpbuxrel3f3njvjw5rakf532/app.bsky.feed.post/3liizla2fn22u,watermelon
"The Disregarded Watermelon.

One of my favorite photos made at Jordan Street and also one of my favorite titles given to a piece of my artwork.

Model is Stephanie Anne, April 2009.
#artnude
#fineartnude
#studiowork",silverystars.bsky.social,Silverystars,2025-02-22T04:57:50.866Z,98,0,2,2,at://did:plc:ubjspcly5oqn54rzvbz2gbaf/app.bsky.feed.post/3liqjtjrmfs2e,watermelon
"#SundayYellow 

This is a #bird eating a watermelon

#birdphotography ğŸª¶",drbrianpet.bsky.social,Brian Peterson,2025-02-23T13:42:06.020Z,47,0,0,1,at://did:plc:u3esmflhonfu5tt4xrts77ar/app.bsky.feed.post/3litxlvaras2d,watermelon
"I'm gonna start selling strong indica gummies with honest flavor names like

""Where You Going Watermelon""

""Sit Yo Ass Down Strawberry""",cerromerussell.bsky.social,MonsterKing,2025-02-21T12:44:36.371Z,45,5,3,7,at://did:plc:gea43dvjdqehvtuewqvlq3df/app.bsky.feed.post/3liothagqmk2w,watermelon
"Sandia (Watermelon) Mountains ~
After a fresh snowfall, the mountain turned a gorgeous shade of 'watermelon' when the setting sun hit it just right. 
#MountainMonday #winter #EastCoastKin #landscape #photography",swphotographer.bsky.social,Susan,2025-02-24T18:29:34.197Z,16,0,0,1,at://did:plc:ejmqr7phzk2knkvor5cit7tt/app.bsky.feed.post/3liwy4tst3k2y,watermelon
"This is the sexiest watermelon Iâ€™ve ever seen

#FrightClub #TheKindred",xenionx.bsky.social,Leonardo Decapitator,2025-02-24T03:39:58.719Z,7,0,2,1,at://did:plc:zs7ipxozo7uk44alreempiiy/app.bsky.feed.post/3livgg4ya2s2b,watermelon
"You guys think that watermelon is okay?

#FrightClub",manwithpez.bsky.social,ManWithPez,2025-02-24T03:54:07.032Z,6,0,1,1,at://did:plc:be2lj522knei72jgshclexfn/app.bsky.feed.post/3livh7fynqs2b,watermelon
"i should totally crush a watermelon w my thighs ğŸ‘€ ğŸ‰ 
#murrsuit #murrsuiter #nsfw",carnalkitsune.bsky.social,Foxie â™¡ (18+),2025-02-20T17:46:14.232Z,34,0,1,3,at://did:plc:gpbafdt2bxardryvwf2gkzms/app.bsky.feed.post/3limttoh7qk2e,watermelon
