text,author,display_name,date,likes,quotes,replies,reposts,uri,url,reply_to,reply_to_uri,reply_to_url,query
unalive,ninochuu.zip,nino,2025-04-12T20:19:42.329Z,154,0,0,29,at://did:plc:75rnvxji6taq2xyxq63ejhmm/app.bsky.feed.post/3lmne72jmws2d,https://bsky.app/profile/did:plc:75rnvxji6taq2xyxq63ejhmm/post/3lmne72jmws2d,No,,,unalive
We should unalive Caesar?,doktorslek.bsky.social,Doktor Slek ü¶ò‚ò≠,2025-04-15T02:50:06.393Z,10,0,0,0,at://did:plc:g7cu7736qmemcopvjip74g3b/app.bsky.feed.post/3lmt2wyd5q22a,https://bsky.app/profile/did:plc:g7cu7736qmemcopvjip74g3b/post/3lmt2wyd5q22a,Yes,at://did:plc:awzzrtrcrvpnxi3ph2sbhxwv/app.bsky.feed.post/3lmt2lhdlwk2l,https://bsky.app/profile/did:plc:awzzrtrcrvpnxi3ph2sbhxwv/post/3lmt2lhdlwk2l,unalive
You ever chill so hard that you appear unalive??,laminatedliss.bsky.social,Churro‚Äôs Mom,2025-04-11T15:57:19.608Z,40,1,7,1,at://did:plc:kvyauj6dn35wre6meqyg6ync/app.bsky.feed.post/3lmkf2xlja22o,https://bsky.app/profile/did:plc:kvyauj6dn35wre6meqyg6ync/post/3lmkf2xlja22o,No,,,unalive
"Musk can unalive any of us and cut off all means of support 
If they can unalive these 6000",iputadollarin.bsky.social,Iputadollariniwinacar,2025-04-12T23:12:34.756Z,7,0,2,0,at://did:plc:icoabg5urmotmxr3cko3qfsi/app.bsky.feed.post/3lmnnu6fchs26,https://bsky.app/profile/did:plc:icoabg5urmotmxr3cko3qfsi/post/3lmnnu6fchs26,Yes,at://did:plc:q3bbdtxch45wvfxrxpblphxn/app.bsky.feed.post/3lmnh3qmq5c2h,https://bsky.app/profile/did:plc:q3bbdtxch45wvfxrxpblphxn/post/3lmnh3qmq5c2h,unalive
"That happened the moment we let these companies forced creators and content-makers to use the word ""unalive"". FUCK THAT! People die, people get killed, people commit suicide. Use words. Don't pander to that nonsense.",jayej330.bsky.social,"Jayleigh ""Jaye"" Jimenez",2025-04-14T08:57:07.765Z,29,0,1,0,at://did:plc:r6coggh5qqmqrqvrpitb7khu/app.bsky.feed.post/3lmr6ye3esc2m,https://bsky.app/profile/did:plc:r6coggh5qqmqrqvrpitb7khu/post/3lmr6ye3esc2m,Yes,at://did:plc:uqppyrcon566pkrszusjonav/app.bsky.feed.post/3lmr67dl25c2s,https://bsky.app/profile/did:plc:uqppyrcon566pkrszusjonav/post/3lmr67dl25c2s,unalive
I‚Äôd unalive myself,emperorlexi5.bsky.social,Emperor Alexisüè≥Ô∏è‚Äç‚ößÔ∏è,2025-04-14T15:35:55.494Z,5,0,0,0,at://did:plc:3mu7lqx2mveotheftis5xrfd/app.bsky.feed.post/3lmrvbhdpnk24,https://bsky.app/profile/did:plc:3mu7lqx2mveotheftis5xrfd/post/3lmrvbhdpnk24,Yes,at://did:plc:5foqpamtsdc6fbwipu2eir7s/app.bsky.feed.post/3lmrv6hk32s2j,https://bsky.app/profile/did:plc:5foqpamtsdc6fbwipu2eir7s/post/3lmrv6hk32s2j,unalive
I‚Äôm really concerned that he is unalive.,onecaliberal.bsky.social,üíôabcdef,2025-04-12T02:00:31.182Z,10,0,0,0,at://did:plc:ntmsgipllqrkrupxn3smmgyg/app.bsky.feed.post/3lmlgrkkoak2v,https://bsky.app/profile/did:plc:ntmsgipllqrkrupxn3smmgyg/post/3lmlgrkkoak2v,Yes,at://did:plc:ca5og5dzdlmoedpdbpbtkkeo/app.bsky.feed.post/3lmlfrjacls2z,https://bsky.app/profile/did:plc:ca5og5dzdlmoedpdbpbtkkeo/post/3lmlfrjacls2z,unalive
His father would unalive this moron.,safarilady2025.bsky.social,,2025-04-14T14:34:01.799Z,7,0,0,2,at://did:plc:chy4urwfir5gcgagapeu2voc/app.bsky.feed.post/3lmrrsropfk2i,https://bsky.app/profile/did:plc:chy4urwfir5gcgagapeu2voc/post/3lmrrsropfk2i,Yes,at://did:plc:vrps533rrs2nbq636qbwn2vd/app.bsky.feed.post/3lmrpkvfibs25,https://bsky.app/profile/did:plc:vrps533rrs2nbq636qbwn2vd/post/3lmrpkvfibs25,unalive
">the minecraft movie features a character unironically saying ""unalive""",voicesbyzane.bsky.social,Zane Schacht - Voice Goblin,2025-04-09T13:46:56.708Z,294,1,12,18,at://did:plc:wiw2flcb762ybvhg7gj3bf2k/app.bsky.feed.post/3lmf4ty6oxc2a,https://bsky.app/profile/did:plc:wiw2flcb762ybvhg7gj3bf2k/post/3lmf4ty6oxc2a,No,,,unalive
Why do tourists insist on picking up and handling the wildlife. Do that with the wrong critter in Australia and it‚Äôll be the end of you. They have more shit that‚Äôll unalive you than anywhere else in earth.,gingersnapz.bsky.social,My Flabbers Are Gasted!!,2025-04-15T04:59:30.134Z,13,0,1,0,at://did:plc:uqfjrpikgbri6xxcygyyugju/app.bsky.feed.post/3lmtc6efqzk27,https://bsky.app/profile/did:plc:uqfjrpikgbri6xxcygyyugju/post/3lmtc6efqzk27,Yes,at://did:plc:zrq6g77ftuyleidpdoiqo3fr/app.bsky.feed.post/3lmsckijh322e,https://bsky.app/profile/did:plc:zrq6g77ftuyleidpdoiqo3fr/post/3lmsckijh322e,unalive
"am I actually reading with my two god-given eyes an email that says, ‚Äú‚Ä¶ so we can unalive two bird with one stone‚Äù????",jaredjunction.bsky.social,Jared,2025-04-11T13:50:05.958Z,22,0,2,0,at://did:plc:k6b5gryw5tbvu2gtfkbv5fs3/app.bsky.feed.post/3lmk5xhkyvk23,https://bsky.app/profile/did:plc:k6b5gryw5tbvu2gtfkbv5fs3/post/3lmk5xhkyvk23,No,,,unalive
Everything costs too much. Let's unalive someone about it.,sluppydoodles.bsky.social,Sluppy üîû,2025-04-10T21:27:08.753Z,17,0,2,0,at://did:plc:cfjnhyyccgpbvpyhvv5effoq/app.bsky.feed.post/3lmigzsjk5c2g,https://bsky.app/profile/did:plc:cfjnhyyccgpbvpyhvv5effoq/post/3lmigzsjk5c2g,No,,,unalive
"I stay up late and can‚Äôt sleep almost every night. I get up every morning hoping he is unalive.

One day it will be Xmas for me even if it‚Äôs not December 25. 

I‚Äôm not going to lie.",zen4ever2us.bsky.social,Liz (or Lizzie) Kim ÍπÄÌòúÏÑ± üí´,2025-04-12T13:46:44.186Z,42,0,7,4,at://did:plc:dxowv7xhhfzazjo3fgi7nv53/app.bsky.feed.post/3lmmoaem5wk2g,https://bsky.app/profile/did:plc:dxowv7xhhfzazjo3fgi7nv53/post/3lmmoaem5wk2g,No,,,unalive
"I'm pretty sure someone says ""unalive"" instead of ""kill"" in the Minecraft movies without a hint of irony. 

What happened.",finlopes.bgay.social,Finlopes97,2025-04-14T08:51:45.000Z,6,0,2,0,at://did:plc:dzb433oi6jkcqcbgxit7s4vl/app.bsky.feed.post/3lmr6oqbjic2v,https://bsky.app/profile/did:plc:dzb433oi6jkcqcbgxit7s4vl/post/3lmr6oqbjic2v,Yes,at://did:plc:uqppyrcon566pkrszusjonav/app.bsky.feed.post/3lmr67dl25c2s,https://bsky.app/profile/did:plc:uqppyrcon566pkrszusjonav/post/3lmr67dl25c2s,unalive
"I find all of this completely ludicrous. ""Unalive"" - Jesus fucking Christ. It crops up all the time in autogenerated subtitles and it's driving me mental. We're devolving into fucking baby talk trying to adhere to guidelines we can't see and that may not exist.",travisjj.bsky.social,Travis Johnson,2025-04-14T14:56:22.163Z,11,0,1,2,at://did:plc:5pwzpepcw2qcf4xi5bgrkult/app.bsky.feed.post/3lmrt2pxemk2g,https://bsky.app/profile/did:plc:5pwzpepcw2qcf4xi5bgrkult/post/3lmrt2pxemk2g,No,,,unalive
"remembering that dipshit american girl on tiktok crying at a canadian going ""YOU CANADIANS ARE GOING TO UNALIVE MILLIONS OF PEOPLE BY CUTTING OFF ENERGY TO MICHIGAN AND PENNSYLVANIA"" lol",groverhaustenbosch.bsky.social,Groverhuis,2025-04-11T23:07:28.846Z,15,0,2,0,at://did:plc:jcdj4jhpz5c3x3kad3u6npic/app.bsky.feed.post/3lml5456x7k2j,https://bsky.app/profile/did:plc:jcdj4jhpz5c3x3kad3u6npic/post/3lml5456x7k2j,Yes,at://did:plc:44yddrxlbkmufwcl6yajflro/app.bsky.feed.post/3lmkwltc4fk2a,https://bsky.app/profile/did:plc:44yddrxlbkmufwcl6yajflro/post/3lmkwltc4fk2a,unalive
"Today, I ordered a rice bowl, and instead of getting my normal non spicy sauce, I mistakenly got hot sauce. I couldn't finish and felt like I was dying. I would never waste food and feel bad I did.
When someone says ""this could unalive a victorian child"", I am
Victorian Child ü•≤",jkosmic.bsky.social,J. Kosmic,2025-04-14T02:35:02.156Z,21,0,3,0,at://did:plc:p2z6yphbsdcwmmjqeckdi4a2/app.bsky.feed.post/3lmqjn4jwc22r,https://bsky.app/profile/did:plc:p2z6yphbsdcwmmjqeckdi4a2/post/3lmqjn4jwc22r,No,,,unalive
Or unalive!!,cdncarpenterwriter.bsky.social,Bruce Anderson,2025-04-10T13:34:48.705Z,6,0,0,0,at://did:plc:fzzposjobjv5ta23xgfxwppa/app.bsky.feed.post/3lmhmn7dvzc2h,https://bsky.app/profile/did:plc:fzzposjobjv5ta23xgfxwppa/post/3lmhmn7dvzc2h,Yes,at://did:plc:bdf5nzzryl4xlimkdm4crycg/app.bsky.feed.post/3lmhmkzt4ns2n,https://bsky.app/profile/did:plc:bdf5nzzryl4xlimkdm4crycg/post/3lmhmkzt4ns2n,unalive
If this is Gozyuger then we need to unalive this fool on principal,emperorlexi5.bsky.social,Emperor Alexisüè≥Ô∏è‚Äç‚ößÔ∏è,2025-04-13T23:04:39.263Z,4,0,1,0,at://did:plc:3mu7lqx2mveotheftis5xrfd/app.bsky.feed.post/3lmq5uwf6ss2f,https://bsky.app/profile/did:plc:3mu7lqx2mveotheftis5xrfd/post/3lmq5uwf6ss2f,Yes,at://did:plc:oklvrrbyudbo6mjd7znq7vlm/app.bsky.feed.post/3lmq5lb6fys2h,https://bsky.app/profile/did:plc:oklvrrbyudbo6mjd7znq7vlm/post/3lmq5lb6fys2h,unalive
I personally think the doj delay is because they know they man is unalive.,mwharrisesq.bsky.social,BlackLadyLawyer08,2025-04-12T12:59:16.146Z,6,0,0,1,at://did:plc:dk3wiqv65q5xez6tvbmrtdj6/app.bsky.feed.post/3lmmlliiuuk2p,https://bsky.app/profile/did:plc:dk3wiqv65q5xez6tvbmrtdj6/post/3lmmlliiuuk2p,Yes,at://did:plc:bfdiyietterineb3cvu3ddco/app.bsky.feed.post/3lmkarcz6ys27,https://bsky.app/profile/did:plc:bfdiyietterineb3cvu3ddco/post/3lmkarcz6ys27,unalive
"Mine too. If the rotting orange is paying them to ‚Äúhouse‚Äù people, who‚Äôs to say they don‚Äôt unalive them to open up space for more deportees to get more money?",skylara.bsky.social,Sky,2025-04-11T18:12:18.026Z,18,0,1,0,at://did:plc:rvyverbvayl3vxph625l6lmd/app.bsky.feed.post/3lmkmmcw3ax2q,https://bsky.app/profile/did:plc:rvyverbvayl3vxph625l6lmd/post/3lmkmmcw3ax2q,Yes,at://did:plc:zp5p2zwq5kx4x67obogi7xpn/app.bsky.feed.post/3lmklr6lui22a,https://bsky.app/profile/did:plc:zp5p2zwq5kx4x67obogi7xpn/post/3lmklr6lui22a,unalive
They are all unalive. Trump can‚Äôt risk having any of them coming back and making his life miserable,t-fish.bsky.social,T-Fishüá®üá¶üçÅ,2025-04-13T01:02:20.449Z,4,0,1,0,at://did:plc:56e7yw4nkilbpsc5dzhq4xdf/app.bsky.feed.post/3lmntygypc223,https://bsky.app/profile/did:plc:56e7yw4nkilbpsc5dzhq4xdf/post/3lmntygypc223,Yes,at://did:plc:gjub7aut3cqj2u5p4xakmjbr/app.bsky.feed.post/3lmntwjmxh22q,https://bsky.app/profile/did:plc:gjub7aut3cqj2u5p4xakmjbr/post/3lmntwjmxh22q,unalive
"IMO, Mr. Garcia's attorneys need to have proof of life. Due to Trump's defiance, either Mr. Garcia is unalive or severally beaten and they are buying time to hide the truth. 

It's absolutely disgusting how disrespectful this administration is toward human beings, especially against its own people.",jinx2024.bsky.social,Jinx,2025-04-13T06:44:01.216Z,13,0,1,0,at://did:plc:yjz5hsr7zyiqr7rl6mqp3rqh/app.bsky.feed.post/3lmoh3g2hks2s,https://bsky.app/profile/did:plc:yjz5hsr7zyiqr7rl6mqp3rqh/post/3lmoh3g2hks2s,Yes,at://did:plc:xjc7mkotpenvhh6ffewkdpyn/app.bsky.feed.post/3lmnnw6xue22z,https://bsky.app/profile/did:plc:xjc7mkotpenvhh6ffewkdpyn/post/3lmnnw6xue22z,unalive
Curtis Yarvin wants to unalive the underclass and use their carcasses to fuel public transportation.,toddhecker.bsky.social,Todd,2025-04-10T23:32:19.313Z,20,0,3,3,at://did:plc:3omyddwto3b7ehra26ju2fkz/app.bsky.feed.post/3lminzn5mg22p,https://bsky.app/profile/did:plc:3omyddwto3b7ehra26ju2fkz/post/3lminzn5mg22p,Yes,at://did:plc:qap4n4w32tlx4ygtfuvcglid/app.bsky.feed.post/3lmig7g5w7k2q,https://bsky.app/profile/did:plc:qap4n4w32tlx4ygtfuvcglid/post/3lmig7g5w7k2q,unalive
@lordcaesar.bsky.social had a gun pointed to my head and threatened to unalive me if I didn't comply and do this trend :c /j,k9cyanide.bsky.social, ‚ú®Ô∏èK9-CYANIDE‚ú®Ô∏è,2025-04-12T06:43:39.447Z,6,0,0,0,at://did:plc:znh2dhc56mct5tuas5iokuzy/app.bsky.feed.post/3lmlwlvunnc22,https://bsky.app/profile/did:plc:znh2dhc56mct5tuas5iokuzy/post/3lmlwlvunnc22,Yes,at://did:plc:znh2dhc56mct5tuas5iokuzy/app.bsky.feed.post/3lmlwltxz7k22,https://bsky.app/profile/did:plc:znh2dhc56mct5tuas5iokuzy/post/3lmlwltxz7k22,unalive
"I‚Äôm going to find the screenwriter who decided to include the word ‚Äúunalive‚Äù in this script and smack them repeatedly with a creeper plushie.

boxd.it/9nPtNR

#Letterboxd #movies #moviesky #filmsky üé¨",bestandworstlines.bsky.social,Best and Worst Lines,2025-04-12T02:01:14.135Z,7,0,0,0,at://did:plc:nlaq2y2qvaw7l53xicgie5n3/app.bsky.feed.post/3lmlgstjjis2y,https://bsky.app/profile/did:plc:nlaq2y2qvaw7l53xicgie5n3/post/3lmlgstjjis2y,No,,,unalive
"AI based on medical algorithms from HIPAA info they stole I‚Äôm guessing - like an older person with terminal cancer‚Ä¶ Poof - unalive!. And then AI combing our social media and private email servers etc. Anyone who‚Äôs ‚Äúanti-Trump‚Äù‚Ä¶ Poof - unalive! Or at least, accounts frozen or simpler, just emptied.",whitneyherrig.bsky.social,,2025-04-10T21:21:55.158Z,8,0,0,2,at://did:plc:zpmvlvfuex4s7fk7ghi5r4wq/app.bsky.feed.post/3lmigqhhe2c2l,https://bsky.app/profile/did:plc:zpmvlvfuex4s7fk7ghi5r4wq/post/3lmigqhhe2c2l,Yes,at://did:plc:452yodlm3morvtpbsrsum23m/app.bsky.feed.post/3lmifiacqvc2a,https://bsky.app/profile/did:plc:452yodlm3morvtpbsrsum23m/post/3lmifiacqvc2a,unalive
"They‚Äôre giving El Salvador enough time to unalive him-

Dead men don‚Äôt talk",jennyfmtheblock.bsky.social,NEVER TRUMPER,2025-04-11T23:18:23.571Z,19,0,1,0,at://did:plc:an3mgddddokht56gi4doq4ms/app.bsky.feed.post/3lml5pnlk4k24,https://bsky.app/profile/did:plc:an3mgddddokht56gi4doq4ms/post/3lml5pnlk4k24,Yes,at://did:plc:dyqokrrzmg7glyjwozjy6ng4/app.bsky.feed.post/3lmki7i2yw22b,https://bsky.app/profile/did:plc:dyqokrrzmg7glyjwozjy6ng4/post/3lmki7i2yw22b,unalive
It‚Äôs also why we suck dick so well. We‚Äôre hoping to choke and unaliveüò≠,greatvaluesza.bsky.social,Fabiola Demetra,2025-04-07T19:50:04.860Z,125,40,16,23,at://did:plc:6fpvlptu2cvxoz44pwttf4lk/app.bsky.feed.post/3lmaq7i26n22n,https://bsky.app/profile/did:plc:6fpvlptu2cvxoz44pwttf4lk/post/3lmaq7i26n22n,Yes,at://did:plc:5qu6fzha5r54pts54n4n3rp2/app.bsky.feed.post/3lmaolvaomk2z,https://bsky.app/profile/did:plc:5qu6fzha5r54pts54n4n3rp2/post/3lmaolvaomk2z,unalive
"You know, I actually don't think I've come across posts on bsky using ""unalive"" or ""icky"" and that immediately makes it a better platform than x. ( actually, because it speaks to the maturity, and likely age, of the users. Especially when talking about subjects that warrant mature language.)",aelynn000.bsky.social,Aelynn üá®üá¶,2025-04-15T14:30:39.330Z,8,0,1,0,at://did:plc:ufkihiyvaxsojishdysh2khx/app.bsky.feed.post/3lmuc3o2poc2p,https://bsky.app/profile/did:plc:ufkihiyvaxsojishdysh2khx/post/3lmuc3o2poc2p,No,,,unalive
"well. that was certainly a movie that i have seen. one of the movies of all time for sure! they seriously said the word ""unalive"" what are we doing manüíî",highoninfinity.swifties.social,evan‚∏Ü‚∏â üè≥Ô∏è‚Äç‚ößÔ∏è,2025-04-09T22:57:49.703Z,18,0,3,0,at://did:plc:mexqtl4sctqqbjl22ndn5zcq/app.bsky.feed.post/3lmg3mzxfus2s,https://bsky.app/profile/did:plc:mexqtl4sctqqbjl22ndn5zcq/post/3lmg3mzxfus2s,No,,,unalive
Honestly it‚Äôs like one of my intrusive thoughts. Not a great time when it pops up. And if I ever was I would certainly doxx myself so ppl could unalive me.,legallyblindgamer.bsky.social,LegallyBlindGaming727,2025-04-11T18:22:00.887Z,6,0,1,0,at://did:plc:odbym47yfdig223iozavtaox/app.bsky.feed.post/3lmkn5op3rk2i,https://bsky.app/profile/did:plc:odbym47yfdig223iozavtaox/post/3lmkn5op3rk2i,Yes,at://did:plc:odbym47yfdig223iozavtaox/app.bsky.feed.post/3lmkmxifn3k2i,https://bsky.app/profile/did:plc:odbym47yfdig223iozavtaox/post/3lmkmxifn3k2i,unalive
"Another crazy MAGAt/Nazi plots to unalive tRump and this is the first I‚Äôve heard of it. 
Wisconsin Nazi teen kills parents to finance assassination and government overthrow. 
abcnews.go.com/US/wisconsin...",saltybitchables.bsky.social,SaltyBitchables,2025-04-13T19:11:24.635Z,3,0,1,0,at://did:plc:clrz2dor4orqkvvqr3qwrary/app.bsky.feed.post/3lmpqtu2zvs2h,https://bsky.app/profile/did:plc:clrz2dor4orqkvvqr3qwrary/post/3lmpqtu2zvs2h,No,,,unalive
Just saw the band Bikini Kill referred to as Bikini Unalive on TikTok,chizmund.bsky.social,Dermot Ward,2025-04-08T09:40:34.817Z,25,0,0,3,at://did:plc:bylehdmhnmsl35lsvkttp2wb/app.bsky.feed.post/3lmc6mjmsak2d,https://bsky.app/profile/did:plc:bylehdmhnmsl35lsvkttp2wb/post/3lmc6mjmsak2d,No,,,unalive
"""Unalive Tony""",senrab.bsky.social,Senrab,2025-04-08T17:31:20.161Z,6,1,0,0,at://did:plc:yfrkxf2d3m2rlurfgeb25s7w/app.bsky.feed.post/3lmcywchas224,https://bsky.app/profile/did:plc:yfrkxf2d3m2rlurfgeb25s7w/post/3lmcywchas224,Yes,at://did:plc:zo6swlrjlf7ljxnd4zuft525/app.bsky.feed.post/3lmcys4eows2l,https://bsky.app/profile/did:plc:zo6swlrjlf7ljxnd4zuft525/post/3lmcys4eows2l,unalive
"Did you hear about the person who Corn and Grape? they wrote about it in a PDF file then watched the Unalive Squad on Disney+

FUCKING STUPID GEN-Z TIKTOK STYLE CENSORSHIP IT'S FUCKING CRINGE!! seriously automatic filters dont account for context. ask anyone from Scunthorpe or even Dick Van Dyke",stewfisher.co.uk,Stew Fisher,2025-04-15T06:27:04.170Z,4,0,0,0,at://did:plc:prxeu4c4fe2ipohtlud4rjjt/app.bsky.feed.post/3lmth2x27kk2u,https://bsky.app/profile/did:plc:prxeu4c4fe2ipohtlud4rjjt/post/3lmth2x27kk2u,No,,,unalive
Unalive La Unalive,scrunklycryptid.bsky.social,Charlie - Team Constellation,2025-04-10T14:55:28.613Z,5,0,0,0,at://did:plc:3wecpjbsttyyawxjpif3cpdk/app.bsky.feed.post/3lmhr5h26oc2u,https://bsky.app/profile/did:plc:3wecpjbsttyyawxjpif3cpdk/post/3lmhr5h26oc2u,Yes,at://did:plc:xep36sqi2h56wggkqylfdeoq/app.bsky.feed.post/3lmh7u5iwyk2d,https://bsky.app/profile/did:plc:xep36sqi2h56wggkqylfdeoq/post/3lmh7u5iwyk2d,unalive
"So basically if I tell you I'm gonna ""unalive"" you, I can't be charged with anything because I didn't say ""murder"" type bullshit. Got it. Thank you!",happymemeco.bsky.social,Darryl Pickles,2025-04-15T17:45:53.066Z,3,0,0,0,at://did:plc:wpkptpbwlmf77zrfknquo6a7/app.bsky.feed.post/3lmumyr5h3c2p,https://bsky.app/profile/did:plc:wpkptpbwlmf77zrfknquo6a7/post/3lmumyr5h3c2p,Yes,at://did:plc:k6dodm3e47tina66zm4tc7yl/app.bsky.feed.post/3lmumt4fnzk2y,https://bsky.app/profile/did:plc:k6dodm3e47tina66zm4tc7yl/post/3lmumt4fnzk2y,unalive
I hope he's unalive by then.,maralynmaralyn.bsky.social,Maralyn Maralyn,2025-04-09T22:30:20.505Z,6,0,1,0,at://did:plc:ukjfa74py5vduz7lxt7vghla/app.bsky.feed.post/3lmg23v5uxc2t,https://bsky.app/profile/did:plc:ukjfa74py5vduz7lxt7vghla/post/3lmg23v5uxc2t,Yes,at://did:plc:ifwqmdmdbj4wjyp6mtkdolue/app.bsky.feed.post/3lmfzwbauds2s,https://bsky.app/profile/did:plc:ifwqmdmdbj4wjyp6mtkdolue/post/3lmfzwbauds2s,unalive
"Rep Kenyatta, I know this is a painful time for Mr. Garcia's family.

My pragmatic side thinks he's unalive or he's been severely ab*sed. The EO/DOJ will not let him be free and tell the world what happened to him. 

If he's alive, there's not enough lawsuits/money to right this wrong.",jinx2024.bsky.social,Jinx,2025-04-14T06:24:49.006Z,3,0,0,0,at://did:plc:yjz5hsr7zyiqr7rl6mqp3rqh/app.bsky.feed.post/3lmqwhyokic2u,https://bsky.app/profile/did:plc:yjz5hsr7zyiqr7rl6mqp3rqh/post/3lmqwhyokic2u,Yes,at://did:plc:mvfvknqerhue6smgkwfajd2c/app.bsky.feed.post/3lmp3nzs47c2z,https://bsky.app/profile/did:plc:mvfvknqerhue6smgkwfajd2c/post/3lmp3nzs47c2z,unalive
"my new policy aims to unalive two birds with one stone.

if elected we will scrap woke from home for the public service",nickevershed.bsky.social,Nick Evershed!?,2025-04-09T01:24:03.752Z,9,0,0,1,at://did:plc:aqhwwfpnptoy4saleaxc7w2c/app.bsky.feed.post/3lmdtdm3f422d,https://bsky.app/profile/did:plc:aqhwwfpnptoy4saleaxc7w2c/post/3lmdtdm3f422d,No,,,unalive
"I regressed HARD often back then. 2021 was my peak improvement year

2013 vs 2021

Not alyss, but a random lewis carroll alice take about to unalive march hare‚Äîwho has a flamingo stabbed on his arm‚Äî with a hooked knife. the open corpse of the Caterpillar is behind them.",rikunkmr.bsky.social,RikuNKMR üêç,2025-04-15T04:03:45.656Z,5,0,2,0,at://did:plc:hl7a3bh2gjvzgnmld5uekgzt/app.bsky.feed.post/3lmt72whjis2a,https://bsky.app/profile/did:plc:hl7a3bh2gjvzgnmld5uekgzt/post/3lmt72whjis2a,Yes,at://did:plc:hl7a3bh2gjvzgnmld5uekgzt/app.bsky.feed.post/3lmt72owte22a,https://bsky.app/profile/did:plc:hl7a3bh2gjvzgnmld5uekgzt/post/3lmt72owte22a,unalive
I just wish he would come ‚Äúunalive‚Äù. I don‚Äôt care who or how it happens. Enough is enough,donm61.bsky.social,Don M,2025-04-09T21:39:54.753Z,5,0,1,0,at://did:plc:ydre6yg53zraxkkacxbn6vh4/app.bsky.feed.post/3lmfxbplazc26,https://bsky.app/profile/did:plc:ydre6yg53zraxkkacxbn6vh4/post/3lmfxbplazc26,Yes,at://did:plc:p4f5ldx7zzk3vocjfxx4dm6v/app.bsky.feed.post/3lmfx2wxxb22l,https://bsky.app/profile/did:plc:p4f5ldx7zzk3vocjfxx4dm6v/post/3lmfx2wxxb22l,unalive
The @ted.com social media team had to explain to me today the need for words like 'unalive' and I am so curious what other ways we will come up with to skirt the Almighty Algorithms (TM).,aussiastronomer.bsky.social,Dr. Jessie Christiansen,2025-04-08T23:53:50.460Z,17,0,1,0,at://did:plc:kifd2paoxvt7qkgfvwmg6cog/app.bsky.feed.post/3lmdocbkt522z,https://bsky.app/profile/did:plc:kifd2paoxvt7qkgfvwmg6cog/post/3lmdocbkt522z,No,,,unalive
"Yeah, it is usually Stardust Crusaders that gets people to get into JoJo

Just wait until The Egyptian God Cards start to show up--roughly after a card game to the [unalive] is a major conflict",katrinathelamia.bsky.social,Katrina T. Lamia,2025-04-14T06:13:35.471Z,2,0,0,0,at://did:plc:wspk6rwf7sht7cbf5afow6fe/app.bsky.feed.post/3lmqvtwdvhk2g,https://bsky.app/profile/did:plc:wspk6rwf7sht7cbf5afow6fe/post/3lmqvtwdvhk2g,Yes,at://did:plc:qc6xzgctorfsm35w6i3vdebx/app.bsky.feed.post/3lmq7idw2ds2t,https://bsky.app/profile/did:plc:qc6xzgctorfsm35w6i3vdebx/post/3lmq7idw2ds2t,unalive
"Me- *Looks at the price of my groceries this week with Trump tariffs just now starting to take effect*

Oh, people are going to unalive themselves over this.",revpoppop.bsky.social,Preacher from the Black Lagoon,2025-04-07T16:05:29.847Z,66,0,2,6,at://did:plc:gl3owos4eo63mom4yywfviva/app.bsky.feed.post/3lmadnvbfbk26,https://bsky.app/profile/did:plc:gl3owos4eo63mom4yywfviva/post/3lmadnvbfbk26,No,,,unalive
they straight up made a character say im gonna unalive you in the minecraft movie i hate it so much,gothiccoppelia.bsky.social,E(mera)ld,2025-04-08T17:20:29.893Z,8,0,3,0,at://did:plc:s34utaomn4hoi6k4gf3alv26/app.bsky.feed.post/3lmcycwcogc23,https://bsky.app/profile/did:plc:s34utaomn4hoi6k4gf3alv26/post/3lmcycwcogc23,No,,,unalive
i think that if you‚Äôre in a small room with other people you should legally have to wear fucking headphones. since i‚Äôm not legally allowed to unalive you.,blandbeard.bsky.social,jules | #LongLiveOFMD,2025-04-08T22:08:53.958Z,8,0,0,0,at://did:plc:xcobjbj5tsmuj3w4tg4prn72/app.bsky.feed.post/3lmdigmqsgc2x,https://bsky.app/profile/did:plc:xcobjbj5tsmuj3w4tg4prn72/post/3lmdigmqsgc2x,No,,,unalive
Being extra gay to drown out the noises telling me to unalive : ),jaws-stone.bsky.social,Jaws Stone,2025-04-09T13:37:51.539Z,5,0,0,0,at://did:plc:dc6klrbvn4j6nopohoipq3b3/app.bsky.feed.post/3lmf4dqaruk2n,https://bsky.app/profile/did:plc:dc6klrbvn4j6nopohoipq3b3/post/3lmf4dqaruk2n,Yes,at://did:plc:bucblzi2mx576tqo5tuxwynq/app.bsky.feed.post/3lmemgmlhu22e,https://bsky.app/profile/did:plc:bucblzi2mx576tqo5tuxwynq/post/3lmemgmlhu22e,unalive
I think it is reasonable to hate people taking away your rights. Those trying to unalive you and others like you. Those sending people like you to concentration camps.,queerswearwolf.bsky.social,Manda,2025-04-12T13:26:14.273Z,4,0,1,0,at://did:plc:wgo23lb67astg7wi4aoguinw/app.bsky.feed.post/3lmmn3po6zc2r,https://bsky.app/profile/did:plc:wgo23lb67astg7wi4aoguinw/post/3lmmn3po6zc2r,Yes,at://did:plc:pdhyb3mdibeatnwphpz4dpul/app.bsky.feed.post/3lmmhkafayc2a,https://bsky.app/profile/did:plc:pdhyb3mdibeatnwphpz4dpul/post/3lmmhkafayc2a,unalive
"also need yall to also see this banger quote by soren:

gamers don‚Äôt say things like unalive, they say things like kill your self",hellohellothere.bsky.social,soul - semi ia bc of uni,2025-04-12T00:31:25.673Z,15,0,2,0,at://did:plc:i22kxwiszdpyy2p2mbznrmyd/app.bsky.feed.post/3lmlbsaoom22g,https://bsky.app/profile/did:plc:i22kxwiszdpyy2p2mbznrmyd/post/3lmlbsaoom22g,No,,,unalive
there was a character called general chungus and he said unalive instead of kill,v4mpyres.bsky.social,helly r pr team,2025-04-10T18:18:29.781Z,7,0,1,0,at://did:plc:6thnj6jxnuenhf4biqez23cm/app.bsky.feed.post/3lmi4ihvvl22c,https://bsky.app/profile/did:plc:6thnj6jxnuenhf4biqez23cm/post/3lmi4ihvvl22c,Yes,at://did:plc:6thnj6jxnuenhf4biqez23cm/app.bsky.feed.post/3lmi4eexxh22c,https://bsky.app/profile/did:plc:6thnj6jxnuenhf4biqez23cm/post/3lmi4eexxh22c,unalive
"Rebel Girl by Bikini Unalive
Mr. Brightside by the Unalivers
Institutionalized by Sewer Slide All Tendencies
C.R.E.A.M feat. Ghostface Unalivah
More Human Than Human by Palm-Colored Zombie
Unhinged Unaliver by The Talking Heads",megelison.bsky.social,Meg Elison,2025-04-08T16:38:20.328Z,15,0,2,3,at://did:plc:clk2kdwzjxdjyshkpbg7dsni/app.bsky.feed.post/3lmcvxjwi422m,https://bsky.app/profile/did:plc:clk2kdwzjxdjyshkpbg7dsni/post/3lmcvxjwi422m,No,,,unalive
"I‚Äôm just saying, and I‚Äôm not sure why actually, but my mental health is pretty ummmmm fucked at the moment. Really really. I‚Äôm not wanting to unalive myself but I also do not have any will to live. None. 
I don‚Äôt know if I will be able to take it if I have to say goodbye to my pooch.",fiestywenchyone.bsky.social,Tara (she/her),2025-04-14T11:11:43.728Z,2,0,3,0,at://did:plc:nzy2vmgauilrvt5styib4jw3/app.bsky.feed.post/3lmrgizw7g223,https://bsky.app/profile/did:plc:nzy2vmgauilrvt5styib4jw3/post/3lmrgizw7g223,No,,,unalive
"My newest game, New England Society For Paranormal Research Containment Procedure Field Guide, is exclusive in 2025 to live events! Dates below, subject to change.

Come see me starting next week & pick up this tabletop rpg of researching and containing haunted items and evil incursions.",worldchamp.bsky.social,World Champ Game Co.,2025-04-10T17:06:52.840Z,22,0,4,1,at://did:plc:dlcslxsgcypdteq6sluvip3q/app.bsky.feed.post/3lmhyig25qs2u,https://bsky.app/profile/did:plc:dlcslxsgcypdteq6sluvip3q/post/3lmhyig25qs2u,No,,,unalive
What if the reason they are trying to postpone bringing Kilmar Abrego Garcia back from El Salvador is because he is unalive? He came here in 2011 to flee violent gang members who threatened to kill him to extort his parents. I hope I'm wrong. I don't trust our own government and DOJ to be honest.,jessiedoesky.bsky.social,,2025-04-08T03:39:32.239Z,33,1,2,7,at://did:plc:afxgzydnf6rpclzcglx52nzx/app.bsky.feed.post/3lmbkgwkdpk2b,https://bsky.app/profile/did:plc:afxgzydnf6rpclzcglx52nzx/post/3lmbkgwkdpk2b,No,,,unalive
"Two days before its sixth birthday, my laptop has decided to unalive itself.

Raise a glass for Bunter, third of the name, and for my poor credit card, which is absolutely fucking melting down this month, in what can only be described as _fucking horrible timing_",lauraannegilman.bsky.social,Laura Anne Gilman,2025-04-08T04:45:49.985Z,32,0,3,0,at://did:plc:hkty3tdfs3jkra7hjtlymxi3/app.bsky.feed.post/3lmbo5hzlak2s,https://bsky.app/profile/did:plc:hkty3tdfs3jkra7hjtlymxi3/post/3lmbo5hzlak2s,No,,,unalive
"Just a reminder; any reason you have to not unalive yourself is a good reason. It can be as personal as ‚ÄúI don‚Äôt want to hurt my friends,‚Äù as powerful as ‚ÄúI refuse to let Trump or McConnell outlive me,‚Äù or as small as ‚ÄúI don‚Äôt want to waste my convention passes.‚Äù It keeps you going. Keep going.",radiofreewill.bsky.social,Radio Free Will,2025-04-09T14:33:24.993Z,6,0,1,0,at://did:plc:wjzmfhdrvb52jc7zn2dzvueu/app.bsky.feed.post/3lmf7h3c2rs2h,https://bsky.app/profile/did:plc:wjzmfhdrvb52jc7zn2dzvueu/post/3lmf7h3c2rs2h,No,,,unalive
"Harry, we really do not know if he is still among the living. The Salvadorans may been instructed to unalive him and all of the others for all we know. Of course they are going to obstruct and deflect.",nolegrad.bsky.social,FNU LNU üç¢ (‚úäüèªüá∫üá∏üî•=üò°),2025-04-11T23:12:31.277Z,2,0,0,1,at://did:plc:hnf47zrmdsukiv5sgpoutfrb/app.bsky.feed.post/3lml5f5mez22u,https://bsky.app/profile/did:plc:hnf47zrmdsukiv5sgpoutfrb/post/3lml5f5mez22u,Yes,at://did:plc:czjt3ibnudi7s2skpu3geam5/app.bsky.feed.post/3lmixms6iak2l,https://bsky.app/profile/did:plc:czjt3ibnudi7s2skpu3geam5/post/3lmixms6iak2l,unalive
"When 1 of their base wake from their slumber & realize they were played ‚ñ∂Ô∏è 

They were the ones who raided the capital, killed police & wiped feces & urine all over

They also have lots of Pew Pews, so sooner or later, they'll unalive 1 of their representatives & then shits gonna get Real Real Quick",the50yrold420gamer.bsky.social,The50YrOld420Gamer,2025-04-09T22:16:07.463Z,4,0,0,1,at://did:plc:v2jwjbch75mcjjcybi3jswon/app.bsky.feed.post/3lmfzchn44s2u,https://bsky.app/profile/did:plc:v2jwjbch75mcjjcybi3jswon/post/3lmfzchn44s2u,Yes,at://did:plc:uayevtgtbwot25zhocjzb6lv/app.bsky.feed.post/3lmfwa4eu522b,https://bsky.app/profile/did:plc:uayevtgtbwot25zhocjzb6lv/post/3lmfwa4eu522b,unalive
"üíØüíØüíØHe has literally hounded people to unalive themselves. I hope they throw the book at him, it would be the very least of what he deserves.",traceytaylor.bsky.social,TraceyT,2025-04-08T20:28:12.460Z,4,0,0,0,at://did:plc:vd4dsdbop6gpaxc5w5wdd36c/app.bsky.feed.post/3lmdcsl4wz226,https://bsky.app/profile/did:plc:vd4dsdbop6gpaxc5w5wdd36c/post/3lmdcsl4wz226,Yes,at://did:plc:tvy7phrgaitgl2xegou2u2ku/app.bsky.feed.post/3lmd7vrsqy22w,https://bsky.app/profile/did:plc:tvy7phrgaitgl2xegou2u2ku/post/3lmd7vrsqy22w,unalive
Saying those words at least is like ripping off a bandaid. ‚ÄúUnalive‚Äù is just unnecessarily pealing it off slowly.,4brandonjs4.bsky.social,Brandon Santiago,2025-04-08T05:29:35.249Z,4,0,1,0,at://did:plc:nbcsgvekpjkmyw5l6352l34j/app.bsky.feed.post/3lmbqlpo7o22t,https://bsky.app/profile/did:plc:nbcsgvekpjkmyw5l6352l34j/post/3lmbqlpo7o22t,Yes,at://did:plc:i3b3zi76cwz4wakccusb3lhz/app.bsky.feed.post/3lmbqhxpcws2f,https://bsky.app/profile/did:plc:i3b3zi76cwz4wakccusb3lhz/post/3lmbqhxpcws2f,unalive
It could take them ‚Äútime‚Äù to ‚Äúfacilitate‚Äù his return‚Ä¶if he doesn‚Äôt unalive from ‚Äúnatural causes‚Äù first. I don‚Äôt believe they have any intention of TRYING to bring him back‚Ä¶just like they ignored judges orders and let the planes go.,lunchboxconvo.bsky.social,Lunchbox Conversation,2025-04-11T04:00:34.990Z,4,0,1,0,at://did:plc:hw4oe42qozqbl5m4khxl67bu/app.bsky.feed.post/3lmj4zd6pxk22,https://bsky.app/profile/did:plc:hw4oe42qozqbl5m4khxl67bu/post/3lmj4zd6pxk22,Yes,at://did:plc:zipphihu644mxj7qjafvwwun/app.bsky.feed.post/3lmiy7zszac2u,https://bsky.app/profile/did:plc:zipphihu644mxj7qjafvwwun/post/3lmiy7zszac2u,unalive
unalive the princess send tweet,blacktabbygames.com,Black Tabby Games (This is Tony) - Slay the Princess,2025-04-04T15:24:51.447Z,280,1,9,34,at://did:plc:q4vkqvvzhpir3wfkeqfofzgd/app.bsky.feed.post/3llypyhh4as2q,https://bsky.app/profile/did:plc:q4vkqvvzhpir3wfkeqfofzgd/post/3llypyhh4as2q,No,,,unalive
"I have to mention this, that yes the line is ""unalive"" in the #Minecraft movie

But in that unfinished cut that's going around? Some of the lines are different takes. I looked that up to find the ""dungeon stuff"" quote and make sure I had it right.

""Unalive"" isnt in that cut. It was ""Annihilate"".",realseymourcox.bsky.social,SeymourCox,2025-04-07T16:12:13.645Z,5,0,1,0,at://did:plc:6cvjzq4t42ioigkmc2w6luyl/app.bsky.feed.post/3lmadzwedb225,https://bsky.app/profile/did:plc:6cvjzq4t42ioigkmc2w6luyl/post/3lmadzwedb225,Yes,at://did:plc:6cvjzq4t42ioigkmc2w6luyl/app.bsky.feed.post/3lm6uqlic622u,https://bsky.app/profile/did:plc:6cvjzq4t42ioigkmc2w6luyl/post/3lm6uqlic622u,unalive
"Just had to close a video a minute in because the narrator kept censoring the word ""die"" with ""unalive"" and then said ""costed""",vrynn.bsky.social,vrynn,2025-04-06T19:59:33.945Z,27,0,3,0,at://did:plc:igwlazmylluboobdirp2gwwp/app.bsky.feed.post/3lm6abjciq22y,https://bsky.app/profile/did:plc:igwlazmylluboobdirp2gwwp/post/3lm6abjciq22y,No,,,unalive
"They must have you on a higher dose than me because I'm still pissed off at what's going on, I'm just no longer planning to unalive myself for no good reason anytime soon.",thebackwoodsfag.bsky.social,Tell your dad I said hi,2025-04-08T22:44:53.466Z,4,0,1,0,at://did:plc:suwq7r4h3lq2as3zpia6xk65/app.bsky.feed.post/3lmdkgy7tv223,https://bsky.app/profile/did:plc:suwq7r4h3lq2as3zpia6xk65/post/3lmdkgy7tv223,Yes,at://did:plc:rjcqo6bkgdrkneziupjty7xm/app.bsky.feed.post/3lmdjxtrqis2v,https://bsky.app/profile/did:plc:rjcqo6bkgdrkneziupjty7xm/post/3lmdjxtrqis2v,unalive
"Can someone PLEASE unalive Trump and his cronies already? This is clear and obvious fascism and erasure, mirroring 1940s Germany completely.
But now it's suddenly okay because it's the USA doing it?
My opinion may be extreme but it's starting to feel like the only viable option aside from civil war.",kikicakes.bsky.social,Kiki,2025-04-08T22:39:08.511Z,4,0,0,0,at://did:plc:5g7ktgfvxtjlbkzsdkmtgerf/app.bsky.feed.post/3lmdk4paktk2t,https://bsky.app/profile/did:plc:5g7ktgfvxtjlbkzsdkmtgerf/post/3lmdk4paktk2t,Yes,at://did:plc:m65ifh7vn5zdgs7izcmht4gy/app.bsky.feed.post/3lmcx2kh75c2m,https://bsky.app/profile/did:plc:m65ifh7vn5zdgs7izcmht4gy/post/3lmcx2kh75c2m,unalive
"Everyone warns you ""the Minecraft movie has a character named General Chungus and he says unalive""

no one warns you that he has a kinda effeminate voice and that Steve says he and Chungus used to ""get in to some dungeon stuff together"", filling you with a longing to create yaoi of this fat piglin",realseymourcox.bsky.social,SeymourCox,2025-04-07T02:05:54.362Z,127,0,5,28,at://did:plc:6cvjzq4t42ioigkmc2w6luyl/app.bsky.feed.post/3lm6uqlic622u,https://bsky.app/profile/did:plc:6cvjzq4t42ioigkmc2w6luyl/post/3lm6uqlic622u,No,,,unalive
"Saying ""I have to unalive you now"" was a LATE choice in this movie's production, and I hope that one day we all get to truly process how much shit must have been going on amidst this thing having NINE fucking screenwriter credits",realseymourcox.bsky.social,SeymourCox,2025-04-07T16:13:19.419Z,13,0,2,0,at://did:plc:6cvjzq4t42ioigkmc2w6luyl/app.bsky.feed.post/3lmae3v3lok25,https://bsky.app/profile/did:plc:6cvjzq4t42ioigkmc2w6luyl/post/3lmae3v3lok25,Yes,at://did:plc:6cvjzq4t42ioigkmc2w6luyl/app.bsky.feed.post/3lmadzwedb225,https://bsky.app/profile/did:plc:6cvjzq4t42ioigkmc2w6luyl/post/3lmadzwedb225,unalive
"I cannot imagine how bored I would have to be to decide that I want to be mad at asexual people.

‚ÄúHey, Brynnleigh, it‚ÄôsTampa! I just heard that Kourtlynne harbors no sexual intentions for Carnegie Mellon!‚Äù 

‚ÄúOMG that bytch! GURL we so gotta tell Berkeley and Bristol so we can totes unalive her!‚Äù",bvlikeslinguica.bsky.social,AFairlySaneBenjamin,2025-04-06T18:51:12.405Z,20,0,1,0,at://did:plc:hlj2gccffqggm4wa32lvqacm/app.bsky.feed.post/3lm64hbrgl22j,https://bsky.app/profile/did:plc:hlj2gccffqggm4wa32lvqacm/post/3lm64hbrgl22j,Yes,at://did:plc:4ltsypfv32qohdmrehmmilzq/app.bsky.feed.post/3lm62v35c3s2k,https://bsky.app/profile/did:plc:4ltsypfv32qohdmrehmmilzq/post/3lm62v35c3s2k,unalive
If I hear don't stop believing or hot blooded one more fucking time I'm gonna unalive in Minecraft,deedeefifty.bsky.social,DeeDeeFifty,2025-04-08T13:05:19.178Z,3,0,0,0,at://did:plc:aupog3a4zv7yao3vqszgxlhn/app.bsky.feed.post/3lmck2mupdc2u,https://bsky.app/profile/did:plc:aupog3a4zv7yao3vqszgxlhn/post/3lmck2mupdc2u,Yes,at://did:plc:aupog3a4zv7yao3vqszgxlhn/app.bsky.feed.post/3lmcjzpskok2u,https://bsky.app/profile/did:plc:aupog3a4zv7yao3vqszgxlhn/post/3lmcjzpskok2u,unalive
"This is being done on purpose. This is NOT a mistake.
This is just another way this regime wants to unalive people.",lily77.bsky.social,Lily is a Harris voter,2025-04-08T18:32:21.509Z,3,0,0,0,at://did:plc:fa4sqqfpxtph72bsadmoet7l/app.bsky.feed.post/3lmd4dg6px227,https://bsky.app/profile/did:plc:fa4sqqfpxtph72bsadmoet7l/post/3lmd4dg6px227,No,,,unalive
‰º∞Ë®àTankieÂÄëÊúÉÂèçÈßÅÔºöÊàëÂÄëÂú®Ë•øÊñπÁ§æ‰∫§Â™íÈ´îÂπ≥Âè∞‰∏ä‰πüË¶ÅÊâì‚Äùunalive‚ÄùÔºå‰∏çÊòØË∑ü‰∏≠ÂúãÁ∂≤Ë∑Ø‰∏äÁöÑË®ÄË´ñÂØ©Êü•Â∑Æ‰∏çÂ§öÂóéü§™,y-wenli.bsky.social,‰Ω†Ê≥ïÊàëÁ¨ëÁöÑDictator YangüìÑüè≥Ô∏è‚Äçüåàüåªüçâüêö #pray4jade,2025-04-06T12:34:19.973Z,9,0,0,0,at://did:plc:drrr6ze2djslmfocuwdlnipz/app.bsky.feed.post/3lm5hfeutfk2r,https://bsky.app/profile/did:plc:drrr6ze2djslmfocuwdlnipz/post/3lm5hfeutfk2r,No,,,unalive
I think he‚Äôs also trying to unalive as many of us as he can by embracing RFK and ‚ÄúDr.‚Äù Oz and their quacky ‚Äúmedicine.‚Äù,dwonnanaomi.bsky.social,Goldie,2025-04-08T21:16:07.102Z,7,0,0,0,at://did:plc:llhbaexu6rmtyrimrd3hbosr/app.bsky.feed.post/3lmdfiam2lk2l,https://bsky.app/profile/did:plc:llhbaexu6rmtyrimrd3hbosr/post/3lmdfiam2lk2l,Yes,at://did:plc:lketznefk3fy6cfcn33r5vr3/app.bsky.feed.post/3lmdfg47hgk2b,https://bsky.app/profile/did:plc:lketznefk3fy6cfcn33r5vr3/post/3lmdfg47hgk2b,unalive
Gonna have to put bleeps in my podcast but I‚Äôd rather do that than say stupid shit like ‚Äúunalive‚Äù or ‚Äúpew pew‚Äù,alicehamilton.bsky.social,Alice Hamilton,2025-04-05T15:14:41.803Z,35,2,1,1,at://did:plc:fzqfm7h7a2b3a5ok53qz3yya/app.bsky.feed.post/3lm37v7ixsk2z,https://bsky.app/profile/did:plc:fzqfm7h7a2b3a5ok53qz3yya/post/3lm37v7ixsk2z,No,,,unalive
"There‚Äôs an enemy piglet general who talks like a surfer bro, literally named Chungus, who tells Jack Black he‚Äôs going to ‚Äúunalive him‚Äù when the pigs invade the village.",maddiebiscuits.bsky.social,üê∞ MADDIEBISCUITS üê∞,2025-04-07T04:01:44.643Z,11,0,2,0,at://did:plc:bws6cr4s2nnfb6bi2mk4pa7n/app.bsky.feed.post/3lm737prehs2t,https://bsky.app/profile/did:plc:bws6cr4s2nnfb6bi2mk4pa7n/post/3lm737prehs2t,Yes,at://did:plc:bws6cr4s2nnfb6bi2mk4pa7n/app.bsky.feed.post/3lm734xf3lk2t,https://bsky.app/profile/did:plc:bws6cr4s2nnfb6bi2mk4pa7n/post/3lm734xf3lk2t,unalive
You touch my grandchildren and I will unalive your ass myself,babynation.bsky.social,,2025-04-08T00:16:00.809Z,2,0,0,0,at://did:plc:n3453rf4e4lrotvfofs5dmwl/app.bsky.feed.post/3lmb72yt43c2k,https://bsky.app/profile/did:plc:n3453rf4e4lrotvfofs5dmwl/post/3lmb72yt43c2k,Yes,at://did:plc:mnq3zflqpylic7ci5aswomtw/app.bsky.feed.post/3lmawcjegws26,https://bsky.app/profile/did:plc:mnq3zflqpylic7ci5aswomtw/post/3lmawcjegws26,unalive
"Same situation with the ""unalive"" shit. Why can't we just say kill, murder, or suicide like normal people?",longtallandugly.bsky.social,Anime guy from Malcolm in the Middle,2025-04-08T05:27:29.453Z,7,0,1,0,at://did:plc:i3b3zi76cwz4wakccusb3lhz/app.bsky.feed.post/3lmbqhxpcws2f,https://bsky.app/profile/did:plc:i3b3zi76cwz4wakccusb3lhz/post/3lmbqhxpcws2f,Yes,at://did:plc:nbcsgvekpjkmyw5l6352l34j/app.bsky.feed.post/3lmbq2ct6ok2t,https://bsky.app/profile/did:plc:nbcsgvekpjkmyw5l6352l34j/post/3lmbq2ct6ok2t,unalive
"on a ""movies are over"" downer note, we took the kiddo to see ""minecraft"" and i wanted to unalive myself. and i saw it with an audience where there were MULTIPLE applause breaks, which were arcane to the point of questioning my own sanity",nicemustard.bsky.social,david lunch,2025-04-07T03:31:00.235Z,8,0,0,0,at://did:plc:ktv5ma4t347coki36kfjoxsl/app.bsky.feed.post/3lm6ziqsirs2s,https://bsky.app/profile/did:plc:ktv5ma4t347coki36kfjoxsl/post/3lm6ziqsirs2s,No,,,unalive
"I‚Äôm really sorry, but I have to unalive you and stuff‚Ä¶",asterbun.bsky.social,Aster,2025-04-07T17:01:53.415Z,2,0,1,0,at://did:plc:ecmtg7qhkfhtmwtbrwf73o66/app.bsky.feed.post/3lmagsq3pus2k,https://bsky.app/profile/did:plc:ecmtg7qhkfhtmwtbrwf73o66/post/3lmagsq3pus2k,Yes,at://did:plc:ecmtg7qhkfhtmwtbrwf73o66/app.bsky.feed.post/3lmagal5vu223,https://bsky.app/profile/did:plc:ecmtg7qhkfhtmwtbrwf73o66/post/3lmagal5vu223,unalive
"Learning there is a character in the minecraft movie named General Chungus and he tells his troops to ""unalive them""",docvivileandra.bsky.social,Doc Vivi Leandra - Real-Life Scientist VTuber üß¨üñ•Ô∏è,2025-04-05T13:19:11.587Z,12,0,3,0,at://did:plc:wbrnpfl7uqepxav4cuvvqzto/app.bsky.feed.post/3lm2zgolnhy2n,https://bsky.app/profile/did:plc:wbrnpfl7uqepxav4cuvvqzto/post/3lm2zgolnhy2n,No,,,unalive
This video has been muted on TikTok - I guess because it contains the words ‚ÄúAdolf Hitler‚Äù. I thought talk of TikTok censorship was exaggerated- turns out maybe not! Although I refuse ever to use the words ‚Äúunalive‚Äù or ‚ÄúYahtzee‚Äù,mattgreencomedy.com,Matt Green,2025-04-04T23:50:19.999Z,86,0,3,14,at://did:plc:tyr4zwweo3w7yk6cibw6acgo/app.bsky.feed.post/3llzmacz2ss2p,https://bsky.app/profile/did:plc:tyr4zwweo3w7yk6cibw6acgo/post/3llzmacz2ss2p,No,,,unalive
"I don't think it's okay to tell someone to unalive themselves. However, telling someone that they will suffer the consequences of their own actions, and the harm they have visited upon the world will be returned threefold? That's just factual.",futterish.bsky.social,Mike Futter,2025-04-06T17:37:22.058Z,11,0,0,1,at://did:plc:qb7dh65b3hv4ug5rsgdito45/app.bsky.feed.post/3lm5ydanxtc26,https://bsky.app/profile/did:plc:qb7dh65b3hv4ug5rsgdito45/post/3lm5ydanxtc26,No,,,unalive
"The way they saved the man and his child from the desert, only to say they have to be a part of the religion

Then yrs later tell him he needs to have his daughter married at once, and how he is shunned for not having multiple wives

Then they unalive him for trying to run away to save his daughter",mellysketches.bsky.social,üå∏Mellyüå∏,2025-04-08T20:39:44.012Z,4,0,0,0,at://did:plc:g7ll2dack7yxiaclvrqsausw/app.bsky.feed.post/3lmddh6ngr22f,https://bsky.app/profile/did:plc:g7ll2dack7yxiaclvrqsausw/post/3lmddh6ngr22f,Yes,at://did:plc:g7ll2dack7yxiaclvrqsausw/app.bsky.feed.post/3lmdd7vpfhk2f,https://bsky.app/profile/did:plc:g7ll2dack7yxiaclvrqsausw/post/3lmdd7vpfhk2f,unalive
"i didn't really hate any of the characters and some of the jokes were pretty alright
except general chungus i hated him
i sunk into my chair when he said unalive",chromadeline.newgrounds.com,Chromadeline [Comms Open],2025-04-06T20:38:44.933Z,5,0,1,0,at://did:plc:7isq5iakmhglvyhcpifhuacd/app.bsky.feed.post/3lm6chlf2es2l,https://bsky.app/profile/did:plc:7isq5iakmhglvyhcpifhuacd/post/3lm6chlf2es2l,Yes,at://did:plc:7isq5iakmhglvyhcpifhuacd/app.bsky.feed.post/3lm6chlezfk2l,https://bsky.app/profile/did:plc:7isq5iakmhglvyhcpifhuacd/post/3lm6chlezfk2l,unalive
They can‚Äôt bring him back to the US. Because he is unalive. And they know it. And it happened immediately. So they‚Äôre trying to squirm out of it.,andrebukowski.bsky.social,Andre Bukowski,2025-04-06T06:46:16.792Z,3,0,1,0,at://did:plc:7ixxhlsstcoexxxm4ccwwwn2/app.bsky.feed.post/3lm4twz4oy22d,https://bsky.app/profile/did:plc:7ixxhlsstcoexxxm4ccwwwn2/post/3lm4twz4oy22d,Yes,at://did:plc:twasya42lpacrrncfhcrbjyv/app.bsky.feed.post/3lm347revk225,https://bsky.app/profile/did:plc:twasya42lpacrrncfhcrbjyv/post/3lm347revk225,unalive
"Trump‚Äôs trying to unalive the poor, so all that‚Äôs left is the rich and silver-spoon mindless drones. Elon has plenty of experience in the mindless department so he is a important key factor to braindead leadership.",darksagesf.bsky.social,Sage R Fury Authorüìö,2025-04-06T13:58:43.374Z,4,0,0,0,at://did:plc:pnowmzzao5h3zstfabdix5c7/app.bsky.feed.post/3lm5m4bpiyc2m,https://bsky.app/profile/did:plc:pnowmzzao5h3zstfabdix5c7/post/3lm5m4bpiyc2m,Yes,at://did:plc:qxwx3yb4m3dmjbu5luyyi7zm/app.bsky.feed.post/3lm5ce2uc4s2j,https://bsky.app/profile/did:plc:qxwx3yb4m3dmjbu5luyyi7zm/post/3lm5ce2uc4s2j,unalive
"happy 30th anniversary to #GundamWing!!! ü™Ωü¶áüé≠üéªüê≤üß∏ here's an edit to make us all glad that #gundamw was 30 years ago and not 3 years ago

#„Ç¨„É≥„ÉÄ„É†W30Âë®Âπ¥",seaofolives.bsky.social,liv/seaofolives ü´í,2025-04-07T03:02:29.776Z,9,1,2,3,at://did:plc:s6ceoi3fzu4lxbptxol47u4j/app.bsky.feed.post/3lm6xvrljls22,https://bsky.app/profile/did:plc:s6ceoi3fzu4lxbptxol47u4j/post/3lm6xvrljls22,No,,,unalive
"actual thoughts: funnier than i expected, made me laugh in a good couple of parts. however, having a character named general chungus say the word ""unalive"" is a cardinal sin no matter how tongue in cheek it was",glotch.net,glotch,2025-04-06T03:02:25.443Z,7,0,0,0,at://did:plc:h64svmmlhxovcobjv65qihd2/app.bsky.feed.post/3lm4hgpyh7s2q,https://bsky.app/profile/did:plc:h64svmmlhxovcobjv65qihd2/post/3lm4hgpyh7s2q,Yes,at://did:plc:h64svmmlhxovcobjv65qihd2/app.bsky.feed.post/3lm4gswig5c2q,https://bsky.app/profile/did:plc:h64svmmlhxovcobjv65qihd2/post/3lm4gswig5c2q,unalive
"hearing ""unalive"" in the minecraft movie was an out of body experience does this mean thats now an actual word????",plumarroja.bsky.social,PLUMARROJA üáµüá∏,2025-04-05T16:32:42.105Z,4,0,1,0,at://did:plc:egg7ei6hfh7qmjvkxmxgkml3/app.bsky.feed.post/3lm3eaoyha223,https://bsky.app/profile/did:plc:egg7ei6hfh7qmjvkxmxgkml3/post/3lm3eaoyha223,No,,,unalive
"The Authenticity Drought

The types of people that proudly call themselves ""influencers,"" and describe what they create merely as ""content,"" are so profoundly allergic to authenticity that it bewilders the mind. Don't believe me? Look no further than the usage of ""unalive"" in the modern lexicon.‚Ä¶",soatok.bsky.social,Soatok,2025-04-04T00:23:33Z,154,5,9,61,at://did:plc:qfqibtrg2k7r2p345p4pbgpi/app.bsky.feed.post/3llx5mtpxjv24,https://bsky.app/profile/did:plc:qfqibtrg2k7r2p345p4pbgpi/post/3llx5mtpxjv24,No,,,unalive
I hate Mondays! Always have and always will. I had the weirdest dream today. Someone is fucking up my future. That's obvious. But I didn't understand why I went to a dinner where everyone got poisoned. I was also in New Hampshire. That would be my sister Angie. She's trying to unalive some people,gogoissey.bsky.social,,2025-04-07T12:47:01.807Z,2,0,0,0,at://did:plc:swk4egibvainatb4ozmqf733/app.bsky.feed.post/3lm7ykyuvw22g,https://bsky.app/profile/did:plc:swk4egibvainatb4ozmqf733/post/3lm7ykyuvw22g,No,,,unalive
"a character named chungus just said the word ""unalive""",fritzadood.bsky.social,Fritzadood,2025-04-05T02:03:35.757Z,3,1,1,0,at://did:plc:wf6xjgb2ztjxb3hepct3wiwm/app.bsky.feed.post/3llztome7b22b,https://bsky.app/profile/did:plc:wf6xjgb2ztjxb3hepct3wiwm/post/3llztome7b22b,No,,,unalive
"Assisti o filme do Minecraft.

Tem uma cena que um dos vil√µes diz:
""I'm gonna UNALIVE you""",perobense.bsky.social,Perobense,2025-04-04T02:58:38.927Z,13,0,1,0,at://did:plc:3ihcqgn3bixfjzu42uyil4pz/app.bsky.feed.post/3llxgc5277k2i,https://bsky.app/profile/did:plc:3ihcqgn3bixfjzu42uyil4pz/post/3llxgc5277k2i,No,,,unalive
"That is so rude and callous! Seriously people, have you no decency?!

I thought we were saying ‚Äúunalive‚Äù these days. ;)",justmejoepdx.bsky.social,JustMeJoePdx,2025-04-03T03:52:44.059Z,50,0,2,0,at://did:plc:knebqkulkbnqtf6g4d2xyzyw/app.bsky.feed.post/3lluytwezgk24,https://bsky.app/profile/did:plc:knebqkulkbnqtf6g4d2xyzyw/post/3lluytwezgk24,Yes,at://did:plc:k2weqoffrljoi7d45jjhjaqk/app.bsky.feed.post/3llupmknees2m,https://bsky.app/profile/did:plc:k2weqoffrljoi7d45jjhjaqk/post/3llupmknees2m,unalive
TRUMP most hated man in history right now; hated maybe mer than Hitler. At least Hitler had the decency to unalive himself!!!!,junkyardjoy3.bsky.social,junkyardjoy3.bsky,2025-04-04T15:56:15.260Z,5,0,0,1,at://did:plc:jfoh2qmlptsp7z7pipumpse2/app.bsky.feed.post/3llyrqlyifs2z,https://bsky.app/profile/did:plc:jfoh2qmlptsp7z7pipumpse2/post/3llyrqlyifs2z,Yes,at://did:plc:jfoh2qmlptsp7z7pipumpse2/app.bsky.feed.post/3llyrmzzr3s2z,https://bsky.app/profile/did:plc:jfoh2qmlptsp7z7pipumpse2/post/3llyrmzzr3s2z,unalive
there is a character named chungus and they also say ‚Äúunalive‚Äù,pinkfart.bsky.social,andrea <3 üçÄ,2025-04-03T22:04:30.308Z,19,0,5,0,at://did:plc:vnk3vjg74nimdubvcaw3zbxn/app.bsky.feed.post/3llwvu5z4p224,https://bsky.app/profile/did:plc:vnk3vjg74nimdubvcaw3zbxn/post/3llwvu5z4p224,Yes,at://did:plc:vnk3vjg74nimdubvcaw3zbxn/app.bsky.feed.post/3llwvsvolt224,https://bsky.app/profile/did:plc:vnk3vjg74nimdubvcaw3zbxn/post/3llwvsvolt224,unalive
He'll be 82 and will hopefully be unalive by then.,jennifershin.bsky.social,Jennifer Shin,2025-04-02T12:08:12.498Z,49,1,7,7,at://did:plc:bwd25sfs6d4locwcipghbi66/app.bsky.feed.post/3llte2y6gy22k,https://bsky.app/profile/did:plc:bwd25sfs6d4locwcipghbi66/post/3llte2y6gy22k,No,,,unalive
"new ""unalive"" euphemism just dropped",joadsprocket.bsky.social,Joad The Wet Sprocket,2025-03-30T23:50:12.319Z,28,0,0,0,at://did:plc:3nqgwlbyx4i6j553jilcb2lo/app.bsky.feed.post/3llmzviewss2k,https://bsky.app/profile/did:plc:3nqgwlbyx4i6j553jilcb2lo/post/3llmzviewss2k,No,,,unalive
Molly has every right to unalive Kristina by now.,leslieb68.bsky.social,Leslie ,2025-03-30T15:48:54.259Z,3,0,1,0,at://did:plc:tnip6m3flxs2mrlt5bqlc5kd/app.bsky.feed.post/3llm6yu4hek2y,https://bsky.app/profile/did:plc:tnip6m3flxs2mrlt5bqlc5kd/post/3llm6yu4hek2y,Yes,at://did:plc:itooo5oj5hr255oyvszbboh7/app.bsky.feed.post/3llhu2xqa4s2o,https://bsky.app/profile/did:plc:itooo5oj5hr255oyvszbboh7/post/3llhu2xqa4s2o,unalive
Because in Dictatorships it‚Äôs a waste of money to save the sick and disabled and old. They would unalive these people without a thought.  Why waste money on them. That‚Äôs the economics,debsmith1647.bsky.social,,2025-03-30T03:14:18.635Z,29,0,1,1,at://did:plc:stjjhxmg7igobpbyyiy6kt65/app.bsky.feed.post/3llkutjw2sk26,https://bsky.app/profile/did:plc:stjjhxmg7igobpbyyiy6kt65/post/3llkutjw2sk26,Yes,at://did:plc:y5xyloyy7s4a2bwfeimj7r3b/app.bsky.feed.post/3lljxj22npk25,https://bsky.app/profile/did:plc:y5xyloyy7s4a2bwfeimj7r3b/post/3lljxj22npk25,unalive
"can we extend this to ""unalive"" also?",yodoops.bsky.social,doops.,2025-03-30T16:29:52.359Z,4,0,1,0,at://did:plc:heyj4lbfp3znjle5kjoxa3xv/app.bsky.feed.post/3llmbc4dqms2n,https://bsky.app/profile/did:plc:heyj4lbfp3znjle5kjoxa3xv/post/3llmbc4dqms2n,Yes,at://did:plc:h3y3f4pmwha4pqzekjpbjg4s/app.bsky.feed.post/3llmaimdgus2t,https://bsky.app/profile/did:plc:h3y3f4pmwha4pqzekjpbjg4s/post/3llmaimdgus2t,unalive
"Tough stuff, I think if an ice agent tried snatching me up I would unalive the dude and take my chances through the court system. I have a feeling if you make it down to El Salvador you probably aren't ever getting out.",420buddha.bsky.social,420buddha,2025-03-30T03:33:24.896Z,11,0,2,0,at://did:plc:n2mdj65y3l2owpgofxjm7mrh/app.bsky.feed.post/3llkvvp3d722f,https://bsky.app/profile/did:plc:n2mdj65y3l2owpgofxjm7mrh/post/3llkvvp3d722f,Yes,at://did:plc:uo2fna47c4v6zcnklxfhcvjb/app.bsky.feed.post/3llkvmetxis22,https://bsky.app/profile/did:plc:uo2fna47c4v6zcnklxfhcvjb/post/3llkvmetxis22,unalive
And I wonder why people say I have resting bitch face üòÖ,ottersf.bsky.social,Chris,2025-03-29T16:39:48.982Z,171,0,5,1,at://did:plc:ulrtvofkoeck4nq5rz2kpomb/app.bsky.feed.post/3lljrexuvx22j,https://bsky.app/profile/did:plc:ulrtvofkoeck4nq5rz2kpomb/post/3lljrexuvx22j,No,,,unalive
"Every cold season, i have a deep fear of never seeing him again (as in he‚Äôs unalive) because he chooses to stay in his hide more.",potat0princess.has.army,‚ú® potato ‚ú®,2025-03-30T16:37:32.374Z,2,0,1,0,at://did:plc:xygwtbnfmwfztjxs3ylvik4w/app.bsky.feed.post/3llmbpt2vkk2s,https://bsky.app/profile/did:plc:xygwtbnfmwfztjxs3ylvik4w/post/3llmbpt2vkk2s,Yes,at://did:plc:xygwtbnfmwfztjxs3ylvik4w/app.bsky.feed.post/3llmbpt2a322s,https://bsky.app/profile/did:plc:xygwtbnfmwfztjxs3ylvik4w/post/3llmbpt2a322s,unalive
The contrast in these static faces as Yugi sends him to the unalive realm is peak video game storytelling,omgmorejames.bsky.social,James W,2025-03-29T23:23:37.943Z,20,0,1,0,at://did:plc:sdjhfk65lymdqgpumqnxomdn/app.bsky.feed.post/3llkhx2g5nk2y,https://bsky.app/profile/did:plc:sdjhfk65lymdqgpumqnxomdn/post/3llkhx2g5nk2y,No,,,unalive
"One of vlad's cars blew up in Moscow. 

He's afraid one of his own soldiers might unalive his miserable ass.

I love this for him. May he not know another moment of security or peace for the rest of his life. 
www.thesun.co.uk/news/3413438...",curious-bystander.bsky.social,Curious Bystander ,2025-03-30T04:24:09.080Z,4,0,0,0,at://did:plc:lhi6xaqo5durreflfjfykbjx/app.bsky.feed.post/3llkyqgak2s2p,https://bsky.app/profile/did:plc:lhi6xaqo5durreflfjfykbjx/post/3llkyqgak2s2p,No,,,unalive
I got RSV vaccine. I‚Äôm a grandma & getting another grandchild this summer. I‚Äôm afraid if I wait RFKjr will have stopped vaccinations. Is there a way to check if anti vaccine folks are getting money for their opinions? What‚Äôs in it for anyone to let Americans unalive when prevention is so simple?üç∏,jkrebs930.bsky.social,,2025-03-30T13:50:11.523Z,2,0,0,0,at://did:plc:mjpp5cw53kmoulxwbx7ce2y2/app.bsky.feed.post/3lllyeldths2g,https://bsky.app/profile/did:plc:mjpp5cw53kmoulxwbx7ce2y2/post/3lllyeldths2g,Yes,at://did:plc:3qbzbnzpr4eel5hl7p5apf6y/app.bsky.feed.post/3llkiyala222j,https://bsky.app/profile/did:plc:3qbzbnzpr4eel5hl7p5apf6y/post/3llkiyala222j,unalive
"Obnoxious Gen-Z pred who keeps threatening to ""unalive"" you~~",thereexistsk.bsky.social,Kayden RizzChimp,2025-03-28T22:58:40.489Z,3,0,0,1,at://did:plc:27xpscoc3jhcbvwyxhiwhpmj/app.bsky.feed.post/3llhw3iuam22y,https://bsky.app/profile/did:plc:27xpscoc3jhcbvwyxhiwhpmj/post/3llhw3iuam22y,No,,,unalive
"What an absolute joke he is. He has caused immeasurable damage and suffering with his DOGE department shutdowns and firings.
The damage to US agriculture alone will cost farmers millions and cause some of them to unalive themselves!",kevswatching.bsky.social,Kevin Kyle,2025-03-29T17:19:30.966Z,4,0,0,0,at://did:plc:k7tkpoc7imcrlv7omeoddj3w/app.bsky.feed.post/3lljtlxiujk2s,https://bsky.app/profile/did:plc:k7tkpoc7imcrlv7omeoddj3w/post/3lljtlxiujk2s,Yes,at://did:plc:ihbkskl5vmc3k67nt4ey2wl5/app.bsky.feed.post/3lljqjkxnyc2o,https://bsky.app/profile/did:plc:ihbkskl5vmc3k67nt4ey2wl5/post/3lljqjkxnyc2o,unalive
"Can't afford to die, can't afford not to.

Totally normals Labour policies, I hate these cunts more than I ever hated the Tories, something I believed impossible - anyone still supporting these scum should unalive themselves now.",alisonrossiter.bsky.social,Alison Rossiter,2025-03-28T13:17:16.305Z,11,0,2,4,at://did:plc:qgdpvtlmvhgg6o4zkj62onwg/app.bsky.feed.post/3llgvlupgo22k,https://bsky.app/profile/did:plc:qgdpvtlmvhgg6o4zkj62onwg/post/3llgvlupgo22k,No,,,unalive
"Iran told Trump they will unalive him for the killing of their leader during his first time in office. He has been getting threats from them since then and it's only been evolving. As long as they don't unalive innocent people, by all means do us the fucking favor.",kerf74.bsky.social,kerf74,2025-03-27T15:41:28.931Z,19,0,3,0,at://did:plc:gma5snqbjmbrliuqxdcl6m66/app.bsky.feed.post/3llen6szuqk22,https://bsky.app/profile/did:plc:gma5snqbjmbrliuqxdcl6m66/post/3llen6szuqk22,No,,,unalive
To go ahead and unalive myself,pleasuredoll.bsky.social,Ravenüè≥Ô∏è‚Äç‚ößÔ∏èüêà‚Äç‚¨õüéÄüè≥Ô∏è‚Äçüåàüá®üá¶üá∫üá¶,2025-03-28T00:36:47.285Z,3,0,2,0,at://did:plc:3qbg7b3brvgjyyqeta63mrkf/app.bsky.feed.post/3llfl3ziat22y,https://bsky.app/profile/did:plc:3qbg7b3brvgjyyqeta63mrkf/post/3llfl3ziat22y,Yes,at://did:plc:wnmrqaydfo243g2jbigakpx7/app.bsky.feed.post/3llfksvufok2t,https://bsky.app/profile/did:plc:wnmrqaydfo243g2jbigakpx7/post/3llfksvufok2t,unalive
"Or harm or even unalive them 

And we can't count on any recourse for that, or any illegal injustice they are perpetrating",jenmindelen.bsky.social,Jen needs a Wishing Well,2025-03-27T20:11:44.606Z,12,0,1,0,at://did:plc:kcrh4luq6a4gbdorcfvkyk3m/app.bsky.feed.post/3llf4c3iztk2e,https://bsky.app/profile/did:plc:kcrh4luq6a4gbdorcfvkyk3m/post/3llf4c3iztk2e,Yes,at://did:plc:h7uw7k2b6eubuvkhj5i73ox5/app.bsky.feed.post/3llf3i44g6k2h,https://bsky.app/profile/did:plc:h7uw7k2b6eubuvkhj5i73ox5/post/3llf3i44g6k2h,unalive
Good news and bad news with Scooby bunny,bpdmillennialwitch.bsky.social,BPD Millennial Aquarius Witch,2025-03-29T11:25:33.419Z,3,0,0,0,at://did:plc:yioyxg6ym5gtda5yprh2p4c7/app.bsky.feed.post/3llj7szsnd22v,https://bsky.app/profile/did:plc:yioyxg6ym5gtda5yprh2p4c7/post/3llj7szsnd22v,No,,,unalive
"Dawg a woman saying this about me would make me unalive üò≠üò≠üò≠üò≠üò≠üò≠üò≠üò≠üò≠üò≠ 

FUCKüò≠",basedafrican.bsky.social,TonyüóΩüéπ,2025-03-28T03:22:05.537Z,4,0,1,2,at://did:plc:w342oe4b4tfsnf5rqh2qapiu/app.bsky.feed.post/3llfudmbbs22f,https://bsky.app/profile/did:plc:w342oe4b4tfsnf5rqh2qapiu/post/3llfudmbbs22f,No,,,unalive
,blisterpearl.bsky.social,scha¬∑den¬∑freu¬∑de,2025-03-25T23:54:36.085Z,374,5,15,43,at://did:plc:ecqey3hdtvj7x4fqs5egqr2w/app.bsky.feed.post/3llahsqmosc2g,https://bsky.app/profile/did:plc:ecqey3hdtvj7x4fqs5egqr2w/post/3llahsqmosc2g,No,,,unalive
I will FOREVER hate the term ‚Äúunalive‚Äù.  It sounds SO fucking childish!,kingblackbird.bsky.social,King Blackbird ,2025-03-27T02:53:00.231Z,6,0,1,1,at://did:plc:p5g7tsttk3ujlsohg5lvflv5/app.bsky.feed.post/3lldcaoe2es2q,https://bsky.app/profile/did:plc:p5g7tsttk3ujlsohg5lvflv5/post/3lldcaoe2es2q,No,,,unalive
"They won't unalive them though.  Most likely it will be a forced labor type of thing.

Both scenarios just awful.",jillian-kate714.bsky.social,Jillian Kate,2025-03-27T15:21:33.145Z,3,0,1,0,at://did:plc:zpi2h7jv3e73g7yvkluhtivk/app.bsky.feed.post/3llem36nfxc2x,https://bsky.app/profile/did:plc:zpi2h7jv3e73g7yvkluhtivk/post/3llem36nfxc2x,Yes,at://did:plc:gqz23hgcdrwqb7yqe5ddzmyd/app.bsky.feed.post/3llel4tsjdc2x,https://bsky.app/profile/did:plc:gqz23hgcdrwqb7yqe5ddzmyd/post/3llel4tsjdc2x,unalive
And people say Elonia is completely useless‚Ä¶ he‚Äôs not .. he‚Äôs a uniting villain to bring us all together‚Ä¶ fucking hate them all‚Ä¶ everyday they are not unalive is a sad day for me..,katyys.bsky.social,Katy,2025-03-26T13:50:53.683Z,60,0,4,4,at://did:plc:lyjc57ajypsarxkh2pigy5md/app.bsky.feed.post/3llbwk5pgek2i,https://bsky.app/profile/did:plc:lyjc57ajypsarxkh2pigy5md/post/3llbwk5pgek2i,Yes,at://did:plc:qxwx3yb4m3dmjbu5luyyi7zm/app.bsky.feed.post/3llboozgxm22v,https://bsky.app/profile/did:plc:qxwx3yb4m3dmjbu5luyyi7zm/post/3llboozgxm22v,unalive
"Merikh in all his glory

The fourth one is finally here! Merikh in all his nakey glory, with his fancy peen out. Yes, this is what our big bonehead looks like. 
I love his ""I will unalive you"" gesture.

Book: A Soul to Guide
Duskwalker Brides 4

Art bt Zinyx @zinyx.bsky.social",opalreyne.bsky.social,Opal Reyne,2025-03-26T12:53:36.560Z,221,1,5,34,at://did:plc:4bvrrujzoypqlzu5pypjrcie/app.bsky.feed.post/3llbtdpzdus2b,https://bsky.app/profile/did:plc:4bvrrujzoypqlzu5pypjrcie/post/3llbtdpzdus2b,No,,,unalive
"lowkey a bit s*icidal. i‚Äôm safe and i‚Äôm not going to do anything but it‚Äôs always shocking when i feel like this, like my own brain is telling me to unalive?? mental illness is wild. fuck off brain, kill me yourself you coward i won‚Äôt do your dirty work!!",bijoufoxx.bsky.social,foxx üåº,2025-03-26T18:54:59.241Z,31,0,4,0,at://did:plc:e4k24e3ka4aqtuzmjk4crmqn/app.bsky.feed.post/3llchjvzo422w,https://bsky.app/profile/did:plc:e4k24e3ka4aqtuzmjk4crmqn/post/3llchjvzo422w,No,,,unalive
"Holding the crowd back? The crowd helped shove her (willingly) thru a broken door and she got shot after being warned. If the mother gave af about her daughter, she would have given a shit about who the men were who helped her unalive herself. 

GOP only speaks lies. jfc.",karinaxlsm.bsky.social,Karina,2025-03-27T00:40:43.113Z,22,0,0,0,at://did:plc:wpaoegwvximttxjje3p7zrih/app.bsky.feed.post/3lld2u4wfm22v,https://bsky.app/profile/did:plc:wpaoegwvximttxjje3p7zrih/post/3lld2u4wfm22v,Yes,at://did:plc:vpfavbhwv4okwh6ydgp5uxf6/app.bsky.feed.post/3llc6kpvjps2m,https://bsky.app/profile/did:plc:vpfavbhwv4okwh6ydgp5uxf6/post/3llc6kpvjps2m,unalive
Specifically an unalive one because odds are Laken Riley would‚Äôve been opposed to this üí© and spoken out. Her family should be ashamed for allowing her to be used,arceevotes.bsky.social,Amanirenas,2025-03-27T11:18:31.234Z,5,0,1,0,at://did:plc:b6xyoylm6w4sgi2wqrfwmijw/app.bsky.feed.post/3lle6imarjc2v,https://bsky.app/profile/did:plc:b6xyoylm6w4sgi2wqrfwmijw/post/3lle6imarjc2v,Yes,at://did:plc:vtx76yqwxtfhjcgzvh4cnvvk/app.bsky.feed.post/3lle6b6n4522x,https://bsky.app/profile/did:plc:vtx76yqwxtfhjcgzvh4cnvvk/post/3lle6b6n4522x,unalive
Fuck that court bullshit! Unalive that fat orange fuck!,jetishtar.bsky.social,Jet Ishtar,2025-03-25T22:04:39.459Z,11,0,0,1,at://did:plc:tkq2e3maey6tvqmxv5afysjd/app.bsky.feed.post/3llabo5ln7s2u,https://bsky.app/profile/did:plc:tkq2e3maey6tvqmxv5afysjd/post/3llabo5ln7s2u,Yes,at://did:plc:bg5vuqejktlwjgcdsm3jyv73/app.bsky.feed.post/3llabfkntwc25,https://bsky.app/profile/did:plc:bg5vuqejktlwjgcdsm3jyv73/post/3llabfkntwc25,unalive
   Using emojis when you unalive people is so  ??????  Twisted  and evil .,overallthiscrap.bsky.social,DonnaDee üíô ,2025-03-26T22:06:32.223Z,2,0,0,0,at://did:plc:icj6yerhuacwen23qlsta7p5/app.bsky.feed.post/3llcsago2bz2e,https://bsky.app/profile/did:plc:icj6yerhuacwen23qlsta7p5/post/3llcsago2bz2e,Yes,at://did:plc:pmhyscv7t7incelmoevkijpr/app.bsky.feed.post/3llciqhojuk2v,https://bsky.app/profile/did:plc:pmhyscv7t7incelmoevkijpr/post/3llciqhojuk2v,unalive
"grabs a mirror 

sees frosted tips 

tries to unalive myself in the elevator",captainacab.airbud.website,alber,2025-03-26T16:27:34.798Z,2,0,1,0,at://did:plc:sqfneztmrppffi4jambf7i56/app.bsky.feed.post/3llc7cdcoqc2o,https://bsky.app/profile/did:plc:sqfneztmrppffi4jambf7i56/post/3llc7cdcoqc2o,Yes,at://did:plc:5eqjgczhbxjy4ct3z7xhj46p/app.bsky.feed.post/3llc72k24qc2f,https://bsky.app/profile/did:plc:5eqjgczhbxjy4ct3z7xhj46p/post/3llc72k24qc2f,unalive
if moving the firehose consumers to their own servers and batching writes doesn't fix the after dark feed lag issue I'm gonna unalive myself,slut.dog,Pupperlily Doggerkettle üîû üîú LVFC,2025-03-25T18:20:47.371Z,12,0,1,0,at://did:plc:bfuck3vwwacatltdmnilloym/app.bsky.feed.post/3ll7v5tqssk24,https://bsky.app/profile/did:plc:bfuck3vwwacatltdmnilloym/post/3ll7v5tqssk24,No,,,unalive
Everything trump touches becomes unalive.,animallover24.bsky.social,,2025-03-25T18:22:31.320Z,7,0,0,0,at://did:plc:pfykerdzh2tkjkvkzgyojnya/app.bsky.feed.post/3ll7vawv3is22,https://bsky.app/profile/did:plc:pfykerdzh2tkjkvkzgyojnya/post/3ll7vawv3is22,Yes,at://did:plc:2nbivsxio2j5pvzmz2ov3uit/app.bsky.feed.post/3ll6a57ez2s2q,https://bsky.app/profile/did:plc:2nbivsxio2j5pvzmz2ov3uit/post/3ll6a57ez2s2q,unalive
Oh almost without a doubt ‚Äúlight gun guy‚Äù was also ‚Äúloose leaf notebook unalive threats written with the penmanship of a kindergartner‚Äù guy,kimota1977.bsky.social,Miracle Man,2025-03-26T00:29:54.441Z,5,0,0,0,at://did:plc:76bpek7gv2p4ruiytujezdyv/app.bsky.feed.post/3llajrutrtc2o,https://bsky.app/profile/did:plc:76bpek7gv2p4ruiytujezdyv/post/3llajrutrtc2o,Yes,at://did:plc:a6pmadwqt3aiylx5gf53vh6o/app.bsky.feed.post/3llagirvzh327,https://bsky.app/profile/did:plc:a6pmadwqt3aiylx5gf53vh6o/post/3llagirvzh327,unalive
dia 4653 sem twitter: pessoas que escrevem unalive nao ironicamente e puriteens n√£o s√£o reais,frankenputo.is-extremely.gay,Gui,2025-03-24T23:38:07.650Z,12,0,1,1,at://did:plc:6eq6mxf2nakncclbior5bibg/app.bsky.feed.post/3ll5wgejcak2j,https://bsky.app/profile/did:plc:6eq6mxf2nakncclbior5bibg/post/3ll5wgejcak2j,No,,,unalive
"toda gera√ß√£o √© cringe na internet. o pessoal de meia idade posta as coisas de meia idade deles, os millennials as coisas de millennial, os gen z escrevem 4ss4ss1nat0 e unalive chamam estupro de grape no tiktok. s√≥ os velhos que escrevem tipo EU GOSTARIA DE PEDIR UMA PIZZA . no facebook postam bem.",thedevils1971.bsky.social,fancam de misoprostol,2025-03-24T18:25:37.637Z,110,3,2,11,at://did:plc:sapcb4ajgnq5xelltkusd77j/app.bsky.feed.post/3ll5exl4coc2b,https://bsky.app/profile/did:plc:sapcb4ajgnq5xelltkusd77j/post/3ll5exl4coc2b,No,,,unalive
"In this episode of #Hitman Ball Z: Can Agent 47 unalive his next target?

Yes, the answer is yes.

He can do it on my channel:
www.twitch.tv/Simon_Novak

#Vtuber #ENVtuber #EyeSeeYou",simonnovak.bsky.social,üëÅÔ∏è Simon Novak üëÅÔ∏è Ordinary Human Extraordinaire,2025-03-25T23:54:45.965Z,4,0,1,0,at://did:plc:q62356zyce5y2ljb4m56dkh7/app.bsky.feed.post/3llaht226b22b,https://bsky.app/profile/did:plc:q62356zyce5y2ljb4m56dkh7/post/3llaht226b22b,No,,,unalive
"thinking about the scene in Sonic and the Black Knight where Sir Gawain (Knuckles) tried to unalive himself in an attempt to preserve his honor.

(Medieval knights did not do this)",memebeanmachine.bsky.social,Meme Bean,2025-03-25T08:42:25.559Z,7,0,0,1,at://did:plc:3yfwqhd2utifsellj7znynny/app.bsky.feed.post/3ll6utnjlis22,https://bsky.app/profile/did:plc:3yfwqhd2utifsellj7znynny/post/3ll6utnjlis22,No,,,unalive
"I‚Äôm highkey gonna unalive myself, sweaty",iamtherog.com,Roger (Perpetual Stu),2025-03-23T15:51:23.337Z,34,0,0,0,at://did:plc:qo5ys7tlwgwwxdhwnirgnwcl/app.bsky.feed.post/3ll2luu2pe22t,https://bsky.app/profile/did:plc:qo5ys7tlwgwwxdhwnirgnwcl/post/3ll2luu2pe22t,Yes,at://did:plc:g62tajye723r3fa4gqw7l7ql/app.bsky.feed.post/3ll2lsccohk27,https://bsky.app/profile/did:plc:g62tajye723r3fa4gqw7l7ql/post/3ll2lsccohk27,unalive
"the term ""unalive"" has done such damage to people's vocabularies that they forget that we already have words like resurrected to describe characters that came back to life",emryspaperart.bsky.social,moth üå∏üçµüå∏ ,2025-03-24T16:09:51.211Z,5,0,1,0,at://did:plc:be6w7fv46hqni7f4kblrajqa/app.bsky.feed.post/3ll55es33kk2d,https://bsky.app/profile/did:plc:be6w7fv46hqni7f4kblrajqa/post/3ll55es33kk2d,No,,,unalive
The constant Gemini pop ups in Gmail are going to make me unalive something (myself),knguyen.bsky.social,Kevin Nguyen,2025-03-23T23:31:43.417Z,5,0,0,0,at://did:plc:wfdf7e5vb4y54hhvq64foncv/app.bsky.feed.post/3ll3flymrn22j,https://bsky.app/profile/did:plc:wfdf7e5vb4y54hhvq64foncv/post/3ll3flymrn22j,No,,,unalive
He lowkey tried to unalive someone and got arrested.,biensur-jetaime.bsky.social,Chaos Cherub,2025-03-24T01:51:45.847Z,3,0,4,0,at://did:plc:exknrfggcngn7eqgfhqnxwqk/app.bsky.feed.post/3ll3ngfshrk2v,https://bsky.app/profile/did:plc:exknrfggcngn7eqgfhqnxwqk/post/3ll3ngfshrk2v,No,,,unalive
"Frustrated that the term ""unalive"" is everywhere online now. I know the algorithm fucks things over on lots of sites, but screw that. Just say kill. Tired of corporate bullshit trying to cleanse our vocabulary.",nsane99.bsky.social,Nsane99,2025-03-22T21:53:50.581Z,87,2,5,27,at://did:plc:fwpgplkiwk3o32blf37h6mdb/app.bsky.feed.post/3lkypo2fabk2r,https://bsky.app/profile/did:plc:fwpgplkiwk3o32blf37h6mdb/post/3lkypo2fabk2r,No,,,unalive
Sounds more vindictive than mentally ill. I think labeling this type of threat as mental illness excuses his desire to unalive anyone or anything he associates as leftist.,mlulucam.bsky.social,M,2025-03-23T03:22:21.013Z,7,0,1,0,at://did:plc:zsu4op2xlfke5uwh5at4pd4e/app.bsky.feed.post/3lkzbzhpt3226,https://bsky.app/profile/did:plc:zsu4op2xlfke5uwh5at4pd4e/post/3lkzbzhpt3226,Yes,at://did:plc:lketznefk3fy6cfcn33r5vr3/app.bsky.feed.post/3lkz7wnvtwk2n,https://bsky.app/profile/did:plc:lketznefk3fy6cfcn33r5vr3/post/3lkz7wnvtwk2n,unalive
"The richest man in the world has hair plugs, a plastic jawline, an unalive frankenpenis, and... Moobs.

Money can't buy everything. ü§∑üèº‚Äç‚ôÇÔ∏è",bdemayo.bsky.social,Bill DeMayo,2025-03-22T10:47:35.765Z,105,0,12,25,at://did:plc:h4kbkaqns7u6vamriwdrjqpc/app.bsky.feed.post/3lkxkgph6ms2m,https://bsky.app/profile/did:plc:h4kbkaqns7u6vamriwdrjqpc/post/3lkxkgph6ms2m,No,,,unalive
Kill the Nazi within you so a democrat doesn‚Äôt have to physically unalive you out of desperation üòÇ,big-steppa.bsky.social,Step,2025-03-23T10:30:40.557Z,3,0,1,2,at://did:plc:iqfdqthkrvhigvy2hht3hprz/app.bsky.feed.post/3lkzzxepnz22j,https://bsky.app/profile/did:plc:iqfdqthkrvhigvy2hht3hprz/post/3lkzzxepnz22j,No,,,unalive
"Concept: a guy who does old time Appalachian songs on TikTok but keeps getting censored until he changes all the words to like ""if moonshine don't unalive me I'll live til I don't""",songsforhorses.com,Department of Spike Fiddles and Jaw Harps,2025-03-22T23:53:26.092Z,8,0,0,0,at://did:plc:l2vkamn32jkbh5n42phbhfkl/app.bsky.feed.post/3lkywdvigb22s,https://bsky.app/profile/did:plc:l2vkamn32jkbh5n42phbhfkl/post/3lkywdvigb22s,No,,,unalive
My fav drivers are always the looks like a Cinnabon but could unalive you type,milysports.bsky.social,Mily,2025-03-22T12:14:41.632Z,6,0,0,0,at://did:plc:nlrwoz76esuvhvihczrb3zy5/app.bsky.feed.post/3lkxpch7hrd2r,https://bsky.app/profile/did:plc:nlrwoz76esuvhvihczrb3zy5/post/3lkxpch7hrd2r,No,,,unalive
"My two cents about Wakanda having the cure to cancer, is that it makes sense for them to have it and hide it, considering there‚Äôs people out in the real world who have it too but don‚Äôt say anything, since Big Pharma, the CIA and UN would probably team up and unalive them.",onakaverse.bsky.social,Jay ü™êüá®üá© ,2025-03-23T15:25:57.308Z,2,0,0,0,at://did:plc:n26mwduw3waslxbk2iu5ddsy/app.bsky.feed.post/3ll2kheq2mc22,https://bsky.app/profile/did:plc:n26mwduw3waslxbk2iu5ddsy/post/3ll2kheq2mc22,No,,,unalive
Russia should unalive herself,dov.bsky.social,Nukes for Eilistraee üá∫üá¶üá±üáπ,2025-03-21T18:04:45.763Z,26,0,0,2,at://did:plc:gmbqy5pcenb4bduadxtinou7/app.bsky.feed.post/3lkvsfituik23,https://bsky.app/profile/did:plc:gmbqy5pcenb4bduadxtinou7/post/3lkvsfituik23,No,,,unalive
"Mask ban with measles and H5N1 incoming, Covid still ongoing, and a county with one of the lowest vaccination rates (for any disease) in the country

This will go very well

(Still voting blue tho bc the other party wants to flat out imprison or unalive me & millions of others, I hate this country)",jenmindelen.bsky.social,Jen needs a Wishing Well,2025-03-22T15:46:58.791Z,12,0,0,0,at://did:plc:kcrh4luq6a4gbdorcfvkyk3m/app.bsky.feed.post/3lky362cnnk2g,https://bsky.app/profile/did:plc:kcrh4luq6a4gbdorcfvkyk3m/post/3lky362cnnk2g,Yes,at://did:plc:awzzrtrcrvpnxi3ph2sbhxwv/app.bsky.feed.post/3lkxwyied6s2s,https://bsky.app/profile/did:plc:awzzrtrcrvpnxi3ph2sbhxwv/post/3lkxwyied6s2s,unalive
wish he was unalive.,tchallaforever.bsky.social,Mandla Ntuthuko,2025-03-21T17:00:47.257Z,16,0,1,0,at://did:plc:wayinh6t5lste5lph7wolkic/app.bsky.feed.post/3lkvot45yhc2k,https://bsky.app/profile/did:plc:wayinh6t5lste5lph7wolkic/post/3lkvot45yhc2k,Yes,at://did:plc:e3tcjbnchhujbpojmkxjwdgn/app.bsky.feed.post/3lkvo5wfqzc2p,https://bsky.app/profile/did:plc:e3tcjbnchhujbpojmkxjwdgn/post/3lkvo5wfqzc2p,unalive
"I saw someone say Power Word Unalive so, I'm logging off.",ttrpgifs.bsky.social,ttrpgifs,2025-03-21T18:12:48.019Z,27,0,1,1,at://did:plc:jshfr2euksrhn4rtacmkuraz/app.bsky.feed.post/3lkvstur5mk2s,https://bsky.app/profile/did:plc:jshfr2euksrhn4rtacmkuraz/post/3lkvstur5mk2s,No,,,unalive
"""I don't know how you live with yourself.""

""OMG you're telling them to unalive themselves!?""",dogsdadbod.bsky.social,DogsDadBod,2025-03-21T22:16:36.185Z,12,0,0,0,at://did:plc:gc4456i6zl3mikfo3k4hmqsl/app.bsky.feed.post/3lkwahtbdy22i,https://bsky.app/profile/did:plc:gc4456i6zl3mikfo3k4hmqsl/post/3lkwahtbdy22i,Yes,at://did:plc:sp5paqzfmzlsxazgv7hrukda/app.bsky.feed.post/3lkw5a7erek2l,https://bsky.app/profile/did:plc:sp5paqzfmzlsxazgv7hrukda/post/3lkw5a7erek2l,unalive
"Can‚Äôt someone - anyone - please do the right thing??

Unalive this fucker already.",ninainthemountains.bsky.social,Nina P,2025-03-22T00:42:47.193Z,11,0,3,2,at://did:plc:t25h2433e7etlwm2tb6ihw6h/app.bsky.feed.post/3lkwin7xchc2e,https://bsky.app/profile/did:plc:t25h2433e7etlwm2tb6ihw6h/post/3lkwin7xchc2e,No,,,unalive
"Hearing the term ""unalive"" in so many video's now.

PEOPLE, Kids cartoons already figured out how to say kill in the 90's in a way less cringy way.",kyderra.bsky.social,Kyderra,2025-03-21T15:14:14.811Z,19,0,1,1,at://did:plc:pq57zp43fzgj3jckuelnp4rx/app.bsky.feed.post/3lkviultzfs2i,https://bsky.app/profile/did:plc:pq57zp43fzgj3jckuelnp4rx/post/3lkviultzfs2i,No,,,unalive
"I'm kinda surprise that one of the fathers of the numerous children that Hitler 2.0 raped didn't unalive him. I would have, if it were MY son or daughter he'd raped...
www.mypalmbeachclerk.com/home/showpub...",wyotriumphrider.bsky.social,R.J. Gerber Jr.,2025-03-21T12:42:37.805Z,21,0,2,3,at://did:plc:wtuqpfsdvtps2ypccp45poh3/app.bsky.feed.post/3lkvafibfj22b,https://bsky.app/profile/did:plc:wtuqpfsdvtps2ypccp45poh3/post/3lkvafibfj22b,No,,,unalive
I am just silly and am the sanest cutest girl unalive!,molly.meowzone.gay,"Molly Lovewing Áõ∏ÁæΩÊ£ÆÊπñ Game Dev, Vtuber, Bassist",2025-03-20T11:24:31.735Z,142,0,2,20,at://did:plc:cnpabl5jxwacr4mkciogiux4/app.bsky.feed.post/3lkslkvt5bk2k,https://bsky.app/profile/did:plc:cnpabl5jxwacr4mkciogiux4/post/3lkslkvt5bk2k,No,,,unalive
"If you look at the numbers black people is the only group that consistently votes Democrat. 92% of black women voted for Kamala, bit you conveniently am mad at the only former black president??????? Have we heard from Clinton? He tries to get Pence unalive we haven't heard much from Pence,",mrstsmith.bsky.social,The First Shall be Last & The Last First,2025-03-21T18:46:27.162Z,9,0,1,0,at://did:plc:ytl64jlq2ua2gk4lokielgzi/app.bsky.feed.post/3lkvuq2ejwk24,https://bsky.app/profile/did:plc:ytl64jlq2ua2gk4lokielgzi/post/3lkvuq2ejwk24,Yes,at://did:plc:6ypolqqqegccfagch4onerwm/app.bsky.feed.post/3lkvga25pmk2c,https://bsky.app/profile/did:plc:6ypolqqqegccfagch4onerwm/post/3lkvga25pmk2c,unalive
"Stop saying shit like ""unalive"" and ""seggs"" 

You're fuckin 40 years old",jaycubed2k.bsky.social,Jay,2025-03-20T10:08:54.894Z,152,1,8,26,at://did:plc:xkzqiys5sgwptsoqfkeddqnh/app.bsky.feed.post/3lkshdp5rhk27,https://bsky.app/profile/did:plc:xkzqiys5sgwptsoqfkeddqnh/post/3lkshdp5rhk27,No,,,unalive
wish bsky had privs so i could scream endlessly about how i want to fucking unalive myself without feeling the overwhelming guilt of my ex telling me how it was embarrassing to post stuff like that ü§° how i feel is my own fault anyways oh well,gardenbunny.bsky.social,Basil,2025-03-21T01:51:05.670Z,9,0,2,0,at://did:plc:lh4z2ter6kyuj6um5svl2rvr/app.bsky.feed.post/3lku3yh45fk2w,https://bsky.app/profile/did:plc:lh4z2ter6kyuj6um5svl2rvr/post/3lku3yh45fk2w,No,,,unalive
"It's already here.  the question is, are we going to lay down and let them do it, or are we going to kick them so hard in the nootz that they unalive on impact?  Or at least regret their life's choices.....",sarjenkat.bsky.social,,2025-03-20T17:55:04.712Z,12,0,0,0,at://did:plc:xvcbyyz5ftkjdqrnvhlzp72b/app.bsky.feed.post/3lktbfbatus2o,https://bsky.app/profile/did:plc:xvcbyyz5ftkjdqrnvhlzp72b/post/3lktbfbatus2o,Yes,at://did:plc:aaqv2qqosq3l4jhnhhuxio3q/app.bsky.feed.post/3lktbbgt7mk2g,https://bsky.app/profile/did:plc:aaqv2qqosq3l4jhnhhuxio3q/post/3lktbbgt7mk2g,unalive
I missed the comic signing last night (cuz someone tried to unalive me with JD shots üòì) but was tickled today to see Doom make my ‚Äúminor‚Äù hood the stage for sharing his plans with Valeria üòÖ,solidsx.bsky.social,Solidsx,2025-03-20T20:42:13.384Z,5,0,0,0,at://did:plc:5e7h527qty7ditogcetncguw/app.bsky.feed.post/3lktkq5dxmk25,https://bsky.app/profile/did:plc:5e7h527qty7ditogcetncguw/post/3lktkq5dxmk25,No,,,unalive
Literally top tier Reylo meme. If you no longer see the meme in circulation assume I am unalive,mythchild.bsky.social,,2025-03-20T11:49:50.729Z,4,0,0,0,at://did:plc:gyndakiefyp6vkvt3nwuyzri/app.bsky.feed.post/3lksmy6hkkc25,https://bsky.app/profile/did:plc:gyndakiefyp6vkvt3nwuyzri/post/3lksmy6hkkc25,Yes,at://did:plc:4ffj3kf7ygdfs37dtlqljarj/app.bsky.feed.post/3lksi577utc2p,https://bsky.app/profile/did:plc:4ffj3kf7ygdfs37dtlqljarj/post/3lksi577utc2p,unalive
"Fuck these fuckers so hard. I would say i wish they all should go unalive themselves but since we no longer can assume we have free speech, I'll instead say I hope they have total liquid shits multiple times a day for the rest of their life & their assholes are forever itching & burning",sinycalbytch.bsky.social,Cynnie,2025-03-21T04:28:49.073Z,4,0,1,0,at://did:plc:27ectjekv6aamlpcgiboo7hc/app.bsky.feed.post/3lkuesi4bvc2e,https://bsky.app/profile/did:plc:27ectjekv6aamlpcgiboo7hc/post/3lkuesi4bvc2e,No,,,unalive
"Me recuerda a cuando en otra rrss me hicieron borrar varios posts (de hasta hace diez a√±os) por interpretar la expresi√≥n ""c√≥rtate un poco"" como una inducci√≥n al suicidio y las autolesiones. Mismo motivo por el que ahora la gente dice ""unalive"" en ingl√©s en vez de ""kill""",elhombremalo.bsky.social,El Hombre Malo,2025-03-20T16:58:20.507Z,8,0,1,0,at://did:plc:gy5hekx5klgmsdh45bqmy2s7/app.bsky.feed.post/3lkt67sqqwk2w,https://bsky.app/profile/did:plc:gy5hekx5klgmsdh45bqmy2s7/post/3lkt67sqqwk2w,Yes,at://did:plc:hwjsotuurvhcos4csukm5lxd/app.bsky.feed.post/3lkt4i64xg225,https://bsky.app/profile/did:plc:hwjsotuurvhcos4csukm5lxd/post/3lkt4i64xg225,unalive
"He‚Äôd unalive you for a catnip toy, then sleep soundly the rest of his goddamn life.",rednuopdnuorg.bsky.social,Lee-ish,2025-03-19T05:14:56.163Z,14,0,1,1,at://did:plc:36fs27pdzonvgeunmce4osrj/app.bsky.feed.post/3lkpgh442w22x,https://bsky.app/profile/did:plc:36fs27pdzonvgeunmce4osrj/post/3lkpgh442w22x,No,,,unalive
"You can say and write ""Die"" dude, you don't gotta write ""unalive"", it's ok dude u can do it, go on,",darkonius-mavakar.itch.io,Darkonius Mavakar,2025-03-18T15:50:57.222Z,96,0,5,16,at://did:plc:fzj4gx6wjdmgk5f7w4u55cj4/app.bsky.feed.post/3lknzjhuaac25,https://bsky.app/profile/did:plc:fzj4gx6wjdmgk5f7w4u55cj4/post/3lknzjhuaac25,No,,,unalive
"from grating self-censorship like ""seggs"" and ""unalive"" to weird bullshit like ""airport theory,"" there is no platform turning me into an angry old man who thinks young people are morons like tiktok www.wired.com/story/airpor...",jfruh.bsky.social,Josh Fruhlinger,2025-03-18T16:03:55.770Z,215,7,6,14,at://did:plc:2fg6nqvpmpqe3qqjfe3ohhjh/app.bsky.feed.post/3lko2aodf7c2o,https://bsky.app/profile/did:plc:2fg6nqvpmpqe3qqjfe3ohhjh/post/3lko2aodf7c2o,No,,,unalive
lol Killmonger would have hated Indiana Jones,jesseconner.bsky.social,Jesse,2025-03-19T22:11:00.903Z,3,0,0,0,at://did:plc:2yj5iyshfxi5nvecyy7j5nkf/app.bsky.feed.post/3lkr77ymcsc2b,https://bsky.app/profile/did:plc:2yj5iyshfxi5nvecyy7j5nkf/post/3lkr77ymcsc2b,No,,,unalive
"Here is a FACT. That fucker wants to try it, we will UNALIVE that fat fuck. Bring it on fucker.",heathcliff3.bsky.social,üá®üá¶Heathcliffüá®üá¶,2025-03-19T15:50:34.063Z,14,0,0,1,at://did:plc:tztcm65rkj65msux4ly6apb2/app.bsky.feed.post/3lkqjxp7y7k2s,https://bsky.app/profile/did:plc:tztcm65rkj65msux4ly6apb2/post/3lkqjxp7y7k2s,Yes,at://did:plc:aunpu65mdrhwfie7ynymlzeh/app.bsky.feed.post/3lkqgjliya52w,https://bsky.app/profile/did:plc:aunpu65mdrhwfie7ynymlzeh/post/3lkqgjliya52w,unalive
Can't wait until they add Unalive as an adjective,kylethuzad.bsky.social,Kyle'Thuzad,2025-03-18T17:52:45.924Z,11,0,0,0,at://did:plc:26ujnqfwx6ojkfii2wza2svw/app.bsky.feed.post/3lkoadbxups2c,https://bsky.app/profile/did:plc:26ujnqfwx6ojkfii2wza2svw/post/3lkoadbxups2c,Yes,at://did:plc:tf6atvulwqvopot3tcc57gbc/app.bsky.feed.post/3lko3lh26q22r,https://bsky.app/profile/did:plc:tf6atvulwqvopot3tcc57gbc/post/3lko3lh26q22r,unalive
"Is she volunteering to unalive herself? She herself is a Colombian immigrant, who came here as a child.",cynosure13.bsky.social,Cynosure üè≥Ô∏è‚Äçüåàü§çüñ§üíúü©∂,2025-03-18T21:20:30.164Z,5,0,0,0,at://did:plc:djbtxlbq6xrv6uzhzkvrajtz/app.bsky.feed.post/3lkolwqsc3s2m,https://bsky.app/profile/did:plc:djbtxlbq6xrv6uzhzkvrajtz/post/3lkolwqsc3s2m,Yes,at://did:plc:yj7zpeyom5d6ak2erlvsi6ro/app.bsky.feed.post/3lkoiog74j22l,https://bsky.app/profile/did:plc:yj7zpeyom5d6ak2erlvsi6ro/post/3lkoiog74j22l,unalive
"I get why video creators on TikTok and YouTube use ""unalive"", but it grinds my gears when I see it in comments or places like BlueSky where we're not monetizing our content.",tabbylavalamp.bsky.social,Tabby Lavalamp,2025-03-18T16:15:44.223Z,15,0,1,0,at://did:plc:d7nv6ns6cl2bwmy2o4hmljti/app.bsky.feed.post/3lko2vrxntk2u,https://bsky.app/profile/did:plc:d7nv6ns6cl2bwmy2o4hmljti/post/3lko2vrxntk2u,Yes,at://did:plc:2fg6nqvpmpqe3qqjfe3ohhjh/app.bsky.feed.post/3lko2aodf7c2o,https://bsky.app/profile/did:plc:2fg6nqvpmpqe3qqjfe3ohhjh/post/3lko2aodf7c2o,unalive
"i know this is a very high and mighty thing to say but if i found myself in a position where i was saying ""unalive"" and ""grape"" as part of my job, i would get another job",jfruh.bsky.social,Josh Fruhlinger,2025-03-18T16:18:20.874Z,19,0,2,0,at://did:plc:2fg6nqvpmpqe3qqjfe3ohhjh/app.bsky.feed.post/3lko32hecck2q,https://bsky.app/profile/did:plc:2fg6nqvpmpqe3qqjfe3ohhjh/post/3lko32hecck2q,Yes,at://did:plc:d7nv6ns6cl2bwmy2o4hmljti/app.bsky.feed.post/3lko2vrxntk2u,https://bsky.app/profile/did:plc:d7nv6ns6cl2bwmy2o4hmljti/post/3lko2vrxntk2u,unalive
"With severe depression & anxiety, the worst case scenario I've been picturing because of the shit these MF's are doing is...bad, & makes me want to unalive myself. My therapist urged me to picture a best case instead. For me: Trump d‚Ç¨@d, V@nc‚Ç¨ j@¬°led, and Mu$k d‚Ç¨p‚óãr+‚Ç¨d then j@¬°led.",helenec-schubert.bsky.social,Helen E C Schubert,2025-03-19T02:27:58.661Z,9,0,2,0,at://did:plc:qpfu5dral2i6u7amaiulnwi4/app.bsky.feed.post/3lkp54kntes2s,https://bsky.app/profile/did:plc:qpfu5dral2i6u7amaiulnwi4/post/3lkp54kntes2s,Yes,at://did:plc:uayevtgtbwot25zhocjzb6lv/app.bsky.feed.post/3lkoz77tfgs2s,https://bsky.app/profile/did:plc:uayevtgtbwot25zhocjzb6lv/post/3lkoz77tfgs2s,unalive
"Da es bissi ü§î um meinen letzten Skeet gab:

Ich komme ja von Tiktok, da l√§uft einiges bissi anders, weil 1 nicht sagen darf, was 1 meint, also spricht 1 Algospeak, zB

Clock App = Tiktok
üåΩ = porn
Seggs = Sex
Fork = fuck
Le dollar bean = lesbian
Unalive = T√∂ten
Yahzees = Nazis
YT = white/caucasian",intershura.bsky.social,Prinzessin Alesja Zo√´ Victoria,2025-03-18T22:39:59.906Z,8,1,1,0,at://did:plc:rnuro5wmixwcr2xy462mrmbf/app.bsky.feed.post/3lkoqevlbbc2v,https://bsky.app/profile/did:plc:rnuro5wmixwcr2xy462mrmbf/post/3lkoqevlbbc2v,No,,,unalive
"They simultaneously want ""freedom"" and ""less government"" yet also want the government to have the ability to unalive anyone at any time for any reason.",kylora2112.bsky.social,Kylie Woyote,2025-03-18T17:10:55.805Z,5,0,1,0,at://did:plc:3dutjdqcyk7kcrqzbxpit5kk/app.bsky.feed.post/3lko5yi54n22a,https://bsky.app/profile/did:plc:3dutjdqcyk7kcrqzbxpit5kk/post/3lko5yi54n22a,Yes,at://did:plc:s6j27rxb3ic2rxw73ixgqv2p/app.bsky.feed.post/3lko5qz5woc2s,https://bsky.app/profile/did:plc:s6j27rxb3ic2rxw73ixgqv2p/post/3lko5qz5woc2s,unalive
Extremely not the point and it is extremely grating BUT imo seggs/unalive etc is imo the equivalent of flipping a video and putting visual noise in it to avoid getting DMCAd for posting copyrighted material. It‚Äôs closer to a folkway at this point. A very annoying folkway,griph.bsky.social,Marshall McLuhan bit from Annie Hall (Taylor‚Äôs Version),2025-03-18T16:12:08.577Z,13,0,0,0,at://did:plc:3u3y73qfg4od5wqsmqdor5av/app.bsky.feed.post/3lko2pecpyk2h,https://bsky.app/profile/did:plc:3u3y73qfg4od5wqsmqdor5av/post/3lko2pecpyk2h,Yes,at://did:plc:2fg6nqvpmpqe3qqjfe3ohhjh/app.bsky.feed.post/3lko2aodf7c2o,https://bsky.app/profile/did:plc:2fg6nqvpmpqe3qqjfe3ohhjh/post/3lko2aodf7c2o,unalive
Unless you storm the Capitol and then you will be called a patriot for trying to unalive police defending against your insurrection.,annedf.bsky.social,ruthAnneofKingston,2025-03-18T17:54:49.178Z,5,1,0,1,at://did:plc:xhkwhxsjuoorrkbdz6kbtjbb/app.bsky.feed.post/3lkoagxjbxc23,https://bsky.app/profile/did:plc:xhkwhxsjuoorrkbdz6kbtjbb/post/3lkoagxjbxc23,No,,,unalive
"I swear, when my period hits, my mood switches can be drastic!
I could go from ""I am hungry, and I'm going to make ramen."" to ""I will unalive you right now if you eat a single noodle from my bowl!"" to ""Heheh, pretty vampire men, mmm~' and then 'Why was I born?'.
It often scares me o.o",beastiedarling.bsky.social,BeastieDarling üëëüßãComms Opened!,2025-03-18T21:44:51.719Z,4,0,0,0,at://did:plc:sstug36f6njioo6diyolll2r/app.bsky.feed.post/3lkonccngus26,https://bsky.app/profile/did:plc:sstug36f6njioo6diyolll2r/post/3lkonccngus26,No,,,unalive
"""sewer slide"" ""unalive"" I hate you!!!!!! I hate you!!!!!!!!!!!!!!!!!",lackingsaint.bsky.social,Jack Saint,2025-03-17T09:27:02.579Z,600,6,23,77,at://did:plc:atdbmignbrjbjgj2ba4axnwl/app.bsky.feed.post/3lkktm2tpuk2y,https://bsky.app/profile/did:plc:atdbmignbrjbjgj2ba4axnwl/post/3lkktm2tpuk2y,No,,,unalive
"gen z jack garland: ""I'm here to unalive Chaos.""",jgntaken.bsky.social,you aer dadonpachi,2025-03-17T22:29:25.307Z,19,0,1,1,at://did:plc:ctjsenqhkkcwa3ghllm32xup/app.bsky.feed.post/3lkm7d2waks2x,https://bsky.app/profile/did:plc:ctjsenqhkkcwa3ghllm32xup/post/3lkm7d2waks2x,No,,,unalive
"Unfortunately I agree.

In the social contract, manipulating the civility of others so you can hurt/unalive them breaks the social contract.
Those who have broken the contract, do not deserve it's protections.
Coming soon, we may have to get in the mud and rediscover our rage. Otherwise, well... ...",starsiegeroks.bsky.social,,2025-03-18T18:02:25.395Z,3,0,2,1,at://did:plc:deu4szweowtygdlncwjccap5/app.bsky.feed.post/3lkoauklwek2a,https://bsky.app/profile/did:plc:deu4szweowtygdlncwjccap5/post/3lkoauklwek2a,Yes,at://did:plc:kx2dehicbum6bcm6mkqlqtr4/app.bsky.feed.post/3lko5bpyhk32b,https://bsky.app/profile/did:plc:kx2dehicbum6bcm6mkqlqtr4/post/3lko5bpyhk32b,unalive
"Millennial Moment: I hate that tiktok popularized ""unalive"" when we already had a perfectly fine, algorithm-friendly euphemism: off/offed. Less grammatical brainrot, and makes ya sound like an old-timey gangster!

Example: ""Jane offed her abusive bf.""",missdiedra.bsky.social,Vishanti,2025-03-17T22:25:17.819Z,19,0,4,0,at://did:plc:l23szrmmv4je2bbrd32mghkg/app.bsky.feed.post/3lkm73ove6k2e,https://bsky.app/profile/did:plc:l23szrmmv4je2bbrd32mghkg/post/3lkm73ove6k2e,No,,,unalive
"So to avoid YouTube demonetizing videos, some content creators have to use certain terms for words. (pedophile is PDF file, suicide is unalive etc etc)

Reese Waters calling Nazis ""Yahtzees"" is fucking brilliant. Lol.",lif3asmaj.bsky.social,Maj,2025-03-17T21:21:21.794Z,13,0,3,2,at://did:plc:rj7sphb3g7r2bbdclow4hdut/app.bsky.feed.post/3lkm3jel5zc2d,https://bsky.app/profile/did:plc:rj7sphb3g7r2bbdclow4hdut/post/3lkm3jel5zc2d,No,,,unalive
Charles Manson never killed anyone either. That doesn‚Äôt make them any less unalive because of him.,scuttleryan.bsky.social,Scuttle,2025-03-17T18:03:24.014Z,10,0,1,0,at://did:plc:5lr7udeozrwntkt67pvtir2m/app.bsky.feed.post/3lklqhf2bds2r,https://bsky.app/profile/did:plc:5lr7udeozrwntkt67pvtir2m/post/3lklqhf2bds2r,Yes,at://did:plc:5lr7udeozrwntkt67pvtir2m/app.bsky.feed.post/3lklq5rdcsk2r,https://bsky.app/profile/did:plc:5lr7udeozrwntkt67pvtir2m/post/3lklq5rdcsk2r,unalive
"""Siri how does someone unalive themselves with X, Y, or Z...""

<googles> ' how big is the inside of a 50 gallon drum...",drmariamitchell.bsky.social,Mean Maria,2025-03-18T11:04:27.624Z,5,0,0,0,at://did:plc:eovucjeox6p4pof2kowm3b2t/app.bsky.feed.post/3lknjj6l4m225,https://bsky.app/profile/did:plc:eovucjeox6p4pof2kowm3b2t/post/3lknjj6l4m225,Yes,at://did:plc:eovucjeox6p4pof2kowm3b2t/app.bsky.feed.post/3lknjg22ylk25,https://bsky.app/profile/did:plc:eovucjeox6p4pof2kowm3b2t/post/3lknjg22ylk25,unalive
"Sadly, they don't care. Matter of fact, they are hoping it gets worse for us because they want us unalive.",mariewilla.bsky.social,MarieWilla,2025-03-17T13:47:59.606Z,14,0,1,1,at://did:plc:6guzoc7gipmvx3bmmouyvvin/app.bsky.feed.post/3lklc6okm222i,https://bsky.app/profile/did:plc:6guzoc7gipmvx3bmmouyvvin/post/3lklc6okm222i,No,,,unalive
"*After careful consideration,

*We've decided to postpone our divorce,

*Just until we kill your ass

*Hey! Language!

*Sorry, just until we UNALIVE your ass

The divorced rulers that each control 50% of their world, 

Meet The Ringmistress and The Ringmaster!

#deltarune
#deltaruneoc",eggstirfry.bsky.social,Eggstirfry,2025-03-17T20:12:56.712Z,10,0,0,3,at://did:plc:f7zzilh7gloj65ni5ipbnnmv/app.bsky.feed.post/3lklxozolgk2i,https://bsky.app/profile/did:plc:f7zzilh7gloj65ni5ipbnnmv/post/3lklxozolgk2i,No,,,unalive
I'm not proud of this LOL,deecherrywriter.bsky.social,Danny Cherry Jr (twitter/Insta/tiktok: @Deecherrywriter),2025-03-18T14:04:42.462Z,7,0,2,0,at://did:plc:opze4n7rbhg3laikpexdkuri/app.bsky.feed.post/3lkntlifsss2d,https://bsky.app/profile/did:plc:opze4n7rbhg3laikpexdkuri/post/3lkntlifsss2d,Yes,at://did:plc:opze4n7rbhg3laikpexdkuri/app.bsky.feed.post/3lknstti34c2f,https://bsky.app/profile/did:plc:opze4n7rbhg3laikpexdkuri/post/3lknstti34c2f,unalive
unalive joke,c4tdog.bsky.social,üê± CatDog üê∂,2025-03-17T20:55:39.668Z,2,0,1,0,at://did:plc:jst2wdyphv7pvy55ddcalpae/app.bsky.feed.post/3lkm23fv7ls2t,https://bsky.app/profile/did:plc:jst2wdyphv7pvy55ddcalpae/post/3lkm23fv7ls2t,No,,,unalive
When is somebody going to unalive him already?!?!?!,overitt24.bsky.social,TruckFump (she/her),2025-03-17T05:22:54.143Z,16,0,0,0,at://did:plc:wh5fcjq6ikb7hixkn7q3kchf/app.bsky.feed.post/3lkkfxiyxks2z,https://bsky.app/profile/did:plc:wh5fcjq6ikb7hixkn7q3kchf/post/3lkkfxiyxks2z,Yes,at://did:plc:4llrhdclvdlmmynkwsmg5tdc/app.bsky.feed.post/3lkkdeqjctc2c,https://bsky.app/profile/did:plc:4llrhdclvdlmmynkwsmg5tdc/post/3lkkdeqjctc2c,unalive
I hate how this language has seeped into the real world. At my university the content warning for auditions for a play used unalive. Thinking about it just makes mad. It‚Äôs a content warning. You need to be as clear as possible. What censorship are you trying to avoid on a printed out piece of paper?,just2theleft.bsky.social,Vi üîÜ,2025-03-17T10:47:39.918Z,19,0,0,1,at://did:plc:b6xjxkp3gabtrrspmtpoequy/app.bsky.feed.post/3lkky4a3lqc26,https://bsky.app/profile/did:plc:b6xjxkp3gabtrrspmtpoequy/post/3lkky4a3lqc26,Yes,at://did:plc:atdbmignbrjbjgj2ba4axnwl/app.bsky.feed.post/3lkktm2tpuk2y,https://bsky.app/profile/did:plc:atdbmignbrjbjgj2ba4axnwl/post/3lkktm2tpuk2y,unalive
"People need to show up and stop the companies from doing this, by any means. Nonviolence is no longer an option when they are actively trying to unalive the entire planet, they will never care about peaceful protests.",comradedelaune.bsky.social,,2025-03-18T00:10:42.431Z,2,0,0,0,at://did:plc:cbgxh67bla6ckhmmuxwztiri/app.bsky.feed.post/3lkmey6j73k2b,https://bsky.app/profile/did:plc:cbgxh67bla6ckhmmuxwztiri/post/3lkmey6j73k2b,Yes,at://did:plc:4zbutmm5f4sak4gyc7od6itd/app.bsky.feed.post/3lkmb7rbo722o,https://bsky.app/profile/did:plc:4zbutmm5f4sak4gyc7od6itd/post/3lkmb7rbo722o,unalive
"üî¥monday is mondaying but i have pepsi max in a wriothesley cup and we're playing the sims so it could be worse. we absolutely need to unalive someone today

‚û°Ô∏ètwitch.tv/hollyy üêõ",hollywith2ys.bsky.social,Holly,2025-03-17T15:50:11.864Z,3,0,0,0,at://did:plc:md6ppsjlltsywajzodcqawdk/app.bsky.feed.post/3lkliz6xapj2u,https://bsky.app/profile/did:plc:md6ppsjlltsywajzodcqawdk/post/3lkliz6xapj2u,No,,,unalive
Biodome2 failed. Looks like we should be trying harder to make things work here without trying to find escaping the planet opportunities that would require that tech. Mars has never been a well thought out plan. Unless your plan is to unalive people. Tells a lot about Musk ideas. üò©,dawnwilliamson.bsky.social,,2025-03-17T10:29:55.416Z,6,0,0,0,at://did:plc:7aqvrita4kqxrcjwgw45opip/app.bsky.feed.post/3lkkx4ivkys2b,https://bsky.app/profile/did:plc:7aqvrita4kqxrcjwgw45opip/post/3lkkx4ivkys2b,Yes,at://did:plc:ux34natbhxube3xgdu3rhf45/app.bsky.feed.post/3lkjqu22yas2u,https://bsky.app/profile/did:plc:ux34natbhxube3xgdu3rhf45/post/3lkjqu22yas2u,unalive
"THEY'RE UNALIVING HER...

THEN THEY'RE GONNA UNALIVE ME",beanycatte.bsky.social,The noodle Œ∏‚àÜ,2025-03-17T09:37:11.508Z,6,0,2,1,at://did:plc:3u7o6h2rx7elcbipmuwmvmrz/app.bsky.feed.post/3lkku67ks3226,https://bsky.app/profile/did:plc:3u7o6h2rx7elcbipmuwmvmrz/post/3lkku67ks3226,No,,,unalive
PSA: starting tonight I'll be on a two-week social media/news blackout so if everything just collapses in on itself while I'm gone please know that I love you all and I hope you will think of me whenever a homicidal kitteh tries to unalive you,amiberger.bsky.social,Ami Berger,2025-03-16T15:28:42.737Z,153,0,9,0,at://did:plc:fhuifhwlgpfh233on5jrmxrl/app.bsky.feed.post/3lkixdubag22h,https://bsky.app/profile/did:plc:fhuifhwlgpfh233on5jrmxrl/post/3lkixdubag22h,No,,,unalive
"If Labour cuts ¬£675 a month ,I'll save the them a job & unalive myself, I & many many others won't be able to afford to live,yet again The Government ignores the voiceless and will pander to those who shout the loudest üò°I'm just so tired of fighting the system because I was born with a disability.",emmadm101.bsky.social,üá∫üá¶emmadm101 üáµüá∏,2025-03-17T01:17:05.026Z,21,0,0,5,at://did:plc:ihdaraxh2s4vwlmw2yign5au/app.bsky.feed.post/3lkjy7x5lzc2w,https://bsky.app/profile/did:plc:ihdaraxh2s4vwlmw2yign5au/post/3lkjy7x5lzc2w,Yes,at://did:plc:vovinwhtulbsx4mwfw26r5ni/app.bsky.feed.post/3lkjpkzu5oz25,https://bsky.app/profile/did:plc:vovinwhtulbsx4mwfw26r5ni/post/3lkjpkzu5oz25,unalive
i think only trans people should be allowed to tell others to unalive themselves,livinginjeopardy.bsky.social,transsexual anarchy cringe CEO üîÜü•¶,2025-03-16T16:44:12.457Z,7,0,0,1,at://did:plc:bucg2dsfr66ecm7kc3bmepwv/app.bsky.feed.post/3lkj3ku5d422r,https://bsky.app/profile/did:plc:bucg2dsfr66ecm7kc3bmepwv/post/3lkj3ku5d422r,No,,,unalive
